DateKey,Flight,Departure Airport,Scheduled Departure Time,Actual Departure Time,Arrival Airport,Scheduled Arrival Time,Actual Arrival Time
20210701,TTA30,SEA,06:15,06:18,PDX,07:15,07:56
20210701,TTA20,SEA,06:30,06:32,SFO,08:40,08:51
20210701,TTA10,SEA,06:10,07:10,LAX,08:55,08:58
20210701,TTA31,PDX,08:15,08:15,SEA,09:15,09:27
20210701,TTA11,LAX,09:50,10:00,SEA,12:35,12:32
20210701,TTA21,SFO,10:05,10:04,SEA,12:15,12:24
20210701,TTA32,SEA,10:15,10:35,PDX,11:15,11:22
20210701,TTA33,PDX,12:15,12:18,SEA,13:15,13:27
20210701,TTA22,SEA,13:35,13:49,SFO,15:45,15:42
20210701,TTA12,SEA,14:05,14:05,LAX,16:50,16:56
20210701,TTA34,SEA,14:15,14:20,PDX,15:15,15:21
20210701,TTA35,PDX,16:15,16:29,SEA,17:15,17:22
20210701,TTA23,SFO,17:35,17:41,SEA,19:45,20:04
20210701,TTA13,LAX,18:05,18:09,SEA,20:50,20:51
20210701,TTA36,SEA,18:15,18:19,PDX,19:15,19:11
20210701,TTA37,PDX,20:15,20:24,SEA,21:15,21:25
20210702,TTA10,SEA,06:10,06:18,LAX,08:55,08:57
20210702,TTA30,SEA,06:15,06:19,PDX,07:15,07:11
20210702,TTA20,SEA,06:30,06:27,SFO,08:40,08:42
20210702,TTA31,PDX,08:15,08:21,SEA,09:15,09:15
20210702,TTA11,LAX,09:50,09:45,SEA,12:35,12:36
20210702,TTA21,SFO,10:05,10:09,SEA,12:15,12:20
20210702,TTA32,SEA,10:15,10:19,PDX,11:15,11:10
20210702,TTA33,PDX,12:15,12:24,SEA,13:15,13:20
20210702,TTA12,SEA,14:05,14:11,LAX,16:50,16:54
20210702,TTA22,SEA,13:35,14:17,SFO,15:45,15:49
20210702,TTA34,SEA,14:15,14:27,PDX,15:15,15:15
20210702,TTA35,PDX,16:15,16:10,SEA,17:15,17:29
20210702,TTA23,SFO,17:35,17:42,SEA,19:45,19:43
20210702,TTA13,LAX,18:05,18:09,SEA,20:50,21:31
20210702,TTA36,SEA,18:15,18:25,PDX,19:15,19:19
20210702,TTA37,PDX,20:15,20:13,SEA,21:15,21:15
20210703,TTA20,SEA,06:30,,SFO,08:40,
20210703,TTA21,SFO,10:05,,SEA,12:15,
20210703,TTA10,SEA,06:10,06:06,LAX,08:55,09:13
20210703,TTA30,SEA,06:15,06:16,PDX,07:15,07:22
20210703,TTA31,PDX,08:15,08:14,SEA,09:15,09:24
20210703,TTA11,LAX,09:50,10:00,SEA,12:35,12:41
20210703,TTA32,SEA,10:15,10:24,PDX,11:15,11:22
20210703,TTA33,PDX,12:15,12:56,SEA,13:15,13:20
20210703,TTA22,SEA,13:35,13:34,SFO,15:45,15:58
20210703,TTA12,SEA,14:05,14:21,LAX,16:50,17:10
20210703,TTA34,SEA,14:15,14:25,PDX,15:15,15:15
20210703,TTA35,PDX,16:15,16:21,SEA,17:15,17:21
20210703,TTA23,SFO,17:35,17:33,SEA,19:45,19:51
20210703,TTA36,SEA,18:15,18:15,PDX,19:15,19:21
20210703,TTA13,LAX,18:05,18:47,SEA,20:50,20:45
20210703,TTA37,PDX,20:15,21:51,SEA,21:15,21:21
20210704,TTA20,SEA,06:30,,SFO,08:40,
20210704,TTA21,SFO,10:05,,SEA,12:15,
20210704,TTA10,SEA,06:10,06:11,LAX,08:55,08:51
20210704,TTA30,SEA,06:15,06:11,PDX,07:15,07:55
20210704,TTA31,PDX,08:15,08:26,SEA,09:15,09:13
20210704,TTA11,LAX,09:50,09:56,SEA,12:35,12:39
20210704,TTA32,SEA,10:15,10:20,PDX,11:15,11:15
20210704,TTA33,PDX,12:15,12:13,SEA,13:15,13:21
20210704,TTA12,SEA,14:05,14:16,LAX,16:50,16:58
20210704,TTA34,SEA,14:15,14:20,PDX,15:15,15:15
20210704,TTA22,SEA,13:35,14:30,SFO,15:45,15:41
20210704,TTA35,PDX,16:15,16:13,SEA,17:15,17:18
20210704,TTA23,SFO,17:35,17:52,SEA,19:45,19:45
20210704,TTA13,LAX,18:05,17:58,SEA,20:50,20:46
20210704,TTA36,SEA,18:15,18:20,PDX,19:15,19:25
20210704,TTA37,PDX,20:15,20:15,SEA,21:15,21:12
20210705,TTA35,PDX,16:15,,SEA,17:15,
20210705,TTA34,SEA,14:15,,PDX,15:15,
20210705,TTA10,SEA,06:10,06:17,LAX,08:55,08:57
20210705,TTA30,SEA,06:15,06:19,PDX,07:15,07:33
20210705,TTA20,SEA,06:30,06:40,SFO,08:40,08:46
20210705,TTA31,PDX,08:15,08:20,SEA,09:15,09:20
20210705,TTA11,LAX,09:50,09:58,SEA,12:35,12:37
20210705,TTA21,SFO,10:05,10:10,SEA,12:15,12:26
20210705,TTA32,SEA,10:15,10:17,PDX,11:15,11:17
20210705,TTA33,PDX,12:15,12:15,SEA,13:15,13:22
20210705,TTA22,SEA,13:35,13:39,SFO,15:45,15:45
20210705,TTA12,SEA,14:05,14:03,LAX,16:50,16:45
20210705,TTA23,SFO,17:35,17:38,SEA,19:45,19:55
20210705,TTA36,SEA,18:15,18:21,PDX,19:15,19:23
20210705,TTA13,LAX,18:05,19:00,SEA,20:50,21:07
20210705,TTA37,PDX,20:15,21:50,SEA,21:15,21:15
20210706,TTA10,SEA,06:10,06:09,LAX,08:55,08:51
20210706,TTA20,SEA,06:30,06:27,SFO,08:40,08:36
20210706,TTA30,SEA,06:15,07:15,PDX,07:15,07:11
20210706,TTA31,PDX,08:15,08:15,SEA,09:15,09:23
20210706,TTA11,LAX,09:50,09:52,SEA,12:35,12:50
20210706,TTA21,SFO,10:05,10:12,SEA,12:15,12:16
20210706,TTA32,SEA,10:15,10:21,PDX,11:15,11:15
20210706,TTA33,PDX,12:15,12:15,SEA,13:15,13:13
20210706,TTA12,SEA,14:05,14:17,LAX,16:50,16:58
20210706,TTA34,SEA,14:15,14:23,PDX,15:15,15:22
20210706,TTA22,SEA,13:35,14:35,SFO,15:45,15:50
20210706,TTA35,PDX,16:15,16:56,SEA,17:15,17:20
20210706,TTA23,SFO,17:35,17:43,SEA,19:45,19:48
20210706,TTA13,LAX,18:05,18:11,SEA,20:50,20:45
20210706,TTA36,SEA,18:15,18:23,PDX,19:15,19:19
20210706,TTA37,PDX,20:15,20:20,SEA,21:15,21:18
20210707,TTA33,PDX,12:15,,SEA,13:15,
20210707,TTA32,SEA,10:15,,PDX,11:15,
20210707,TTA10,SEA,06:10,06:11,LAX,08:55,08:59
20210707,TTA30,SEA,06:15,06:13,PDX,07:15,07:15
20210707,TTA20,SEA,06:30,06:40,SFO,08:40,08:36
20210707,TTA31,PDX,08:15,08:27,SEA,09:15,09:12
20210707,TTA11,LAX,09:50,09:51,SEA,12:35,12:55
20210707,TTA21,SFO,10:05,10:10,SEA,12:15,12:19
20210707,TTA22,SEA,13:35,13:52,SFO,15:45,15:48
20210707,TTA12,SEA,14:05,14:13,LAX,16:50,16:49
20210707,TTA34,SEA,14:15,14:21,PDX,15:15,15:18
20210707,TTA35,PDX,16:15,16:21,SEA,17:15,17:29
20210707,TTA23,SFO,17:35,17:47,SEA,19:45,19:49
20210707,TTA13,LAX,18:05,18:15,SEA,20:50,21:02
20210707,TTA36,SEA,18:15,18:24,PDX,19:15,19:10
20210707,TTA37,PDX,20:15,20:15,SEA,21:15,21:25
20210708,TTA10,SEA,06:10,06:24,LAX,08:55,09:01
20210708,TTA30,SEA,06:15,06:26,PDX,07:15,08:51
20210708,TTA20,SEA,06:30,06:42,SFO,08:40,08:45
20210708,TTA31,PDX,08:15,08:34,SEA,09:15,09:15
20210708,TTA11,LAX,09:50,09:53,SEA,12:35,12:48
20210708,TTA21,SFO,10:05,10:00,SEA,12:15,12:11
20210708,TTA32,SEA,10:15,10:27,PDX,11:15,11:23
20210708,TTA33,PDX,12:15,12:25,SEA,13:15,13:11
20210708,TTA22,SEA,13:35,13:28,SFO,15:45,15:48
20210708,TTA12,SEA,14:05,14:10,LAX,16:50,16:49
20210708,TTA34,SEA,14:15,14:28,PDX,15:15,15:18
20210708,TTA35,PDX,16:15,17:15,SEA,17:15,17:20
20210708,TTA23,SFO,17:35,17:41,SEA,19:45,19:50
20210708,TTA13,LAX,18:05,18:15,SEA,20:50,20:55
20210708,TTA36,SEA,18:15,18:20,PDX,19:15,19:25
20210708,TTA37,PDX,20:15,20:26,SEA,21:15,21:21
20210709,TTA10,SEA,06:10,06:11,LAX,08:55,08:50
20210709,TTA30,SEA,06:15,06:18,PDX,07:15,07:22
20210709,TTA20,SEA,06:30,06:34,SFO,08:40,08:50
20210709,TTA31,PDX,08:15,08:19,SEA,09:15,09:15
20210709,TTA11,LAX,09:50,09:55,SEA,12:35,12:44
20210709,TTA21,SFO,10:05,10:11,SEA,12:15,12:16
20210709,TTA32,SEA,10:15,10:24,PDX,11:15,12:15
20210709,TTA33,PDX,12:15,12:16,SEA,13:15,13:23
20210709,TTA22,SEA,13:35,13:34,SFO,15:45,15:52
20210709,TTA12,SEA,14:05,14:09,LAX,16:50,16:45
20210709,TTA34,SEA,14:15,14:28,PDX,15:15,15:23
20210709,TTA35,PDX,16:15,16:13,SEA,17:15,17:11
20210709,TTA23,SFO,17:35,17:46,SEA,19:45,19:48
20210709,TTA13,LAX,18:05,18:17,SEA,20:50,21:09
20210709,TTA36,SEA,18:15,18:25,PDX,19:15,19:27
20210709,TTA37,PDX,20:15,21:50,SEA,21:15,21:14
20210710,TTA30,SEA,06:15,06:09,PDX,07:15,07:24
20210710,TTA10,SEA,06:10,06:10,LAX,08:55,09:01
20210710,TTA20,SEA,06:30,06:28,SFO,08:40,08:44
20210710,TTA31,PDX,08:15,08:10,SEA,09:15,09:12
20210710,TTA11,LAX,09:50,09:48,SEA,12:35,12:41
20210710,TTA32,SEA,10:15,10:10,PDX,11:15,11:30
20210710,TTA21,SFO,10:05,10:14,SEA,12:15,12:13
20210710,TTA33,PDX,12:15,12:20,SEA,13:15,13:22
20210710,TTA22,SEA,13:35,13:35,SFO,15:45,15:59
20210710,TTA12,SEA,14:05,14:07,LAX,16:50,16:46
20210710,TTA34,SEA,14:15,14:55,PDX,15:15,15:11
20210710,TTA35,PDX,16:15,16:55,SEA,17:15,17:20
20210710,TTA23,SFO,17:35,17:38,SEA,19:45,20:40
20210710,TTA13,LAX,18:05,18:01,SEA,20:50,21:00
20210710,TTA36,SEA,18:15,18:15,PDX,19:15,19:24
20210710,TTA37,PDX,20:15,20:24,SEA,21:15,21:17
20210711,TTA30,SEA,06:15,06:20,PDX,07:15,07:11
20210711,TTA20,SEA,06:30,06:30,SFO,08:40,09:35
20210711,TTA10,SEA,06:10,06:51,LAX,08:55,08:50
20210711,TTA31,PDX,08:15,08:11,SEA,09:15,09:12
20210711,TTA11,LAX,09:50,09:46,SEA,12:35,12:54
20210711,TTA32,SEA,10:15,10:19,PDX,11:15,12:51
20210711,TTA21,SFO,10:05,10:23,SEA,12:15,12:35
20210711,TTA33,PDX,12:15,12:16,SEA,13:15,13:11
20210711,TTA22,SEA,13:35,13:34,SFO,15:45,15:56
20210711,TTA34,SEA,14:15,14:13,PDX,15:15,15:21
20210711,TTA12,SEA,14:05,14:17,LAX,16:50,16:51
20210711,TTA35,PDX,16:15,16:16,SEA,17:15,18:10
20210711,TTA23,SFO,17:35,17:42,SEA,19:45,19:42
20210711,TTA13,LAX,18:05,18:10,SEA,20:50,22:26
20210711,TTA36,SEA,18:15,18:16,PDX,19:15,19:23
20210711,TTA37,PDX,20:15,20:15,SEA,21:15,21:30
20210712,TTA10,SEA,06:10,06:10,LAX,08:55,09:04
20210712,TTA30,SEA,06:15,06:25,PDX,07:15,07:33
20210712,TTA20,SEA,06:30,06:39,SFO,08:40,08:36
20210712,TTA31,PDX,08:15,08:11,SEA,09:15,09:14
20210712,TTA11,LAX,09:50,09:52,SEA,12:35,12:36
20210712,TTA21,SFO,10:05,10:18,SEA,12:15,12:22
20210712,TTA32,SEA,10:15,10:23,PDX,11:15,11:22
20210712,TTA33,PDX,12:15,12:21,SEA,13:15,13:24
20210712,TTA22,SEA,13:35,13:46,SFO,15:45,15:46
20210712,TTA12,SEA,14:05,13:59,LAX,16:50,16:57
20210712,TTA34,SEA,14:15,14:22,PDX,15:15,15:19
20210712,TTA35,PDX,16:15,16:17,SEA,17:15,17:08
20210712,TTA23,SFO,17:35,17:38,SEA,19:45,19:47
20210712,TTA36,SEA,18:15,18:09,PDX,19:15,19:19
20210712,TTA13,LAX,18:05,18:14,SEA,20:50,20:46
20210712,TTA37,PDX,20:15,20:16,SEA,21:15,21:25
20210713,TTA30,SEA,06:15,06:16,PDX,07:15,07:17
20210713,TTA20,SEA,06:30,06:31,SFO,08:40,08:40
20210713,TTA10,SEA,06:10,06:51,LAX,08:55,08:53
20210713,TTA31,PDX,08:15,08:22,SEA,09:15,09:21
20210713,TTA11,LAX,09:50,09:46,SEA,12:35,12:43
20210713,TTA21,SFO,10:05,10:07,SEA,12:15,12:25
20210713,TTA32,SEA,10:15,10:19,PDX,11:15,11:34
20210713,TTA33,PDX,12:15,12:22,SEA,13:15,13:24
20210713,TTA22,SEA,13:35,13:33,SFO,15:45,15:48
20210713,TTA34,SEA,14:15,14:10,PDX,15:15,15:27
20210713,TTA12,SEA,14:05,14:11,LAX,16:50,16:59
20210713,TTA35,PDX,16:15,16:15,SEA,17:15,17:11
20210713,TTA23,SFO,17:35,17:37,SEA,19:45,19:50
20210713,TTA36,SEA,18:15,18:13,PDX,19:15,19:17
20210713,TTA13,LAX,18:05,18:14,SEA,20:50,20:54
20210713,TTA37,PDX,20:15,20:20,SEA,21:15,21:57
20210714,TTA10,SEA,06:10,06:19,LAX,08:55,09:03
20210714,TTA30,SEA,06:15,06:22,PDX,07:15,07:23
20210714,TTA20,SEA,06:30,06:34,SFO,08:40,08:44
20210714,TTA31,PDX,08:15,08:26,SEA,09:15,09:15
20210714,TTA11,LAX,09:50,09:56,SEA,12:35,12:33
20210714,TTA21,SFO,10:05,10:17,SEA,12:15,12:15
20210714,TTA32,SEA,10:15,10:27,PDX,11:15,11:15
20210714,TTA33,PDX,12:15,12:27,SEA,13:15,13:23
20210714,TTA22,SEA,13:35,13:39,SFO,15:45,15:54
20210714,TTA34,SEA,14:15,14:12,PDX,15:15,15:21
20210714,TTA12,SEA,14:05,14:14,LAX,16:50,16:54
20210714,TTA35,PDX,16:15,16:18,SEA,17:15,17:18
20210714,TTA23,SFO,17:35,17:35,SEA,19:45,19:41
20210714,TTA13,LAX,18:05,18:12,SEA,20:50,20:52
20210714,TTA36,SEA,18:15,18:57,PDX,19:15,19:08
20210714,TTA37,PDX,20:15,20:15,SEA,21:15,21:15
20210715,TTA13,LAX,18:05,,SEA,20:50,
20210715,TTA12,SEA,14:05,,LAX,16:50,
20210715,TTA30,SEA,06:15,06:16,PDX,07:15,08:50
20210715,TTA10,SEA,06:10,06:27,LAX,08:55,09:09
20210715,TTA20,SEA,06:30,06:29,SFO,08:40,08:40
20210715,TTA31,PDX,08:15,09:50,SEA,09:15,09:12
20210715,TTA21,SFO,10:05,10:04,SEA,12:15,12:27
20210715,TTA32,SEA,10:15,10:27,PDX,11:15,12:15
20210715,TTA11,LAX,09:50,10:50,SEA,12:35,12:44
20210715,TTA33,PDX,12:15,12:31,SEA,13:15,13:17
20210715,TTA22,SEA,13:35,13:42,SFO,15:45,15:41
20210715,TTA34,SEA,14:15,14:21,PDX,15:15,15:35
20210715,TTA35,PDX,16:15,16:23,SEA,17:15,17:17
20210715,TTA23,SFO,17:35,17:36,SEA,19:45,19:50
20210715,TTA36,SEA,18:15,18:23,PDX,19:15,19:25
20210715,TTA37,PDX,20:15,20:22,SEA,21:15,21:11
20210716,TTA13,LAX,18:05,,SEA,20:50,
20210716,TTA12,SEA,14:05,,LAX,16:50,
20210716,TTA10,SEA,06:10,06:20,LAX,08:55,08:55
20210716,TTA20,SEA,06:30,06:30,SFO,08:40,08:39
20210716,TTA30,SEA,06:15,06:33,PDX,07:15,07:18
20210716,TTA31,PDX,08:15,08:20,SEA,09:15,09:20
20210716,TTA11,LAX,09:50,09:48,SEA,12:35,12:33
20210716,TTA32,SEA,10:15,10:11,PDX,11:15,12:15
20210716,TTA21,SFO,10:05,10:22,SEA,12:15,12:24
20210716,TTA33,PDX,12:15,12:10,SEA,13:15,13:15
20210716,TTA22,SEA,13:35,13:44,SFO,15:45,15:40
20210716,TTA34,SEA,14:15,14:57,PDX,15:15,15:12
20210716,TTA35,PDX,16:15,16:13,SEA,17:15,17:24
20210716,TTA23,SFO,17:35,17:43,SEA,19:45,19:46
20210716,TTA36,SEA,18:15,18:09,PDX,19:15,19:21
20210716,TTA37,PDX,20:15,20:27,SEA,21:15,21:16
20210717,TTA10,SEA,06:10,06:19,LAX,08:55,09:02
20210717,TTA30,SEA,06:15,06:24,PDX,07:15,07:31
20210717,TTA20,SEA,06:30,06:26,SFO,08:40,08:34
20210717,TTA31,PDX,08:15,08:21,SEA,09:15,09:17
20210717,TTA11,LAX,09:50,09:51,SEA,12:35,13:17
20210717,TTA21,SFO,10:05,10:04,SEA,12:15,12:11
20210717,TTA32,SEA,10:15,10:30,PDX,11:15,11:24
20210717,TTA33,PDX,12:15,12:13,SEA,13:15,13:21
20210717,TTA22,SEA,13:35,13:39,SFO,15:45,16:45
20210717,TTA34,SEA,14:15,14:34,PDX,15:15,15:33
20210717,TTA12,SEA,14:05,14:46,LAX,16:50,17:03
20210717,TTA35,PDX,16:15,16:20,SEA,17:15,17:33
20210717,TTA23,SFO,17:35,17:45,SEA,19:45,20:02
20210717,TTA13,LAX,18:05,18:06,SEA,20:50,20:52
20210717,TTA36,SEA,18:15,19:50,PDX,19:15,19:10
20210717,TTA37,PDX,20:15,20:18,SEA,21:15,21:22
20210718,TTA30,SEA,06:15,06:22,PDX,07:15,07:15
20210718,TTA10,SEA,06:10,06:29,LAX,08:55,08:51
20210718,TTA20,SEA,06:30,06:31,SFO,08:40,08:42
20210718,TTA31,PDX,08:15,08:24,SEA,09:15,09:24
20210718,TTA11,LAX,09:50,09:54,SEA,12:35,12:38
20210718,TTA21,SFO,10:05,10:05,SEA,12:15,12:25
20210718,TTA32,SEA,10:15,10:20,PDX,11:15,11:14
20210718,TTA33,PDX,12:15,12:24,SEA,13:15,13:11
20210718,TTA22,SEA,13:35,13:35,SFO,15:45,15:53
20210718,TTA12,SEA,14:05,14:06,LAX,16:50,17:09
20210718,TTA34,SEA,14:15,14:22,PDX,15:15,15:20
20210718,TTA35,PDX,16:15,16:32,SEA,17:15,17:24
20210718,TTA23,SFO,17:35,17:37,SEA,19:45,19:45
20210718,TTA13,LAX,18:05,18:14,SEA,20:50,21:00
20210718,TTA36,SEA,18:15,18:19,PDX,19:15,19:16
20210718,TTA37,PDX,20:15,20:23,SEA,21:15,21:11
20210719,TTA10,SEA,06:10,06:16,LAX,08:55,08:55
20210719,TTA30,SEA,06:15,06:24,PDX,07:15,07:12
20210719,TTA20,SEA,06:30,06:39,SFO,08:40,08:33
20210719,TTA31,PDX,08:15,08:32,SEA,09:15,09:25
20210719,TTA11,LAX,09:50,09:56,SEA,12:35,12:34
20210719,TTA21,SFO,10:05,10:01,SEA,12:15,12:15
20210719,TTA32,SEA,10:15,10:20,PDX,11:15,11:34
20210719,TTA22,SEA,13:35,13:39,SFO,15:45,15:56
20210719,TTA33,PDX,12:15,13:50,SEA,13:15,13:13
20210719,TTA12,SEA,14:05,14:02,LAX,16:50,16:54
20210719,TTA34,SEA,14:15,14:23,PDX,15:15,15:09
20210719,TTA35,PDX,16:15,16:22,SEA,17:15,17:19
20210719,TTA23,SFO,17:35,17:35,SEA,19:45,19:52
20210719,TTA13,LAX,18:05,18:16,SEA,20:50,20:50
20210719,TTA36,SEA,18:15,18:21,PDX,19:15,19:21
20210719,TTA37,PDX,20:15,20:21,SEA,21:15,21:14
20210720,TTA23,SFO,17:35,,SEA,19:45,
20210720,TTA22,SEA,13:35,,SFO,15:45,
20210720,TTA30,SEA,06:15,06:23,PDX,07:15,07:22
20210720,TTA20,SEA,06:30,06:32,SFO,08:40,08:56
20210720,TTA10,SEA,06:10,06:51,LAX,08:55,08:58
20210720,TTA31,PDX,08:15,08:11,SEA,09:15,09:56
20210720,TTA11,LAX,09:50,09:44,SEA,12:35,12:33
20210720,TTA21,SFO,10:05,10:18,SEA,12:15,12:23
20210720,TTA32,SEA,10:15,10:22,PDX,11:15,11:14
20210720,TTA33,PDX,12:15,12:22,SEA,13:15,13:34
20210720,TTA34,SEA,14:15,14:18,PDX,15:15,15:21
20210720,TTA12,SEA,14:05,14:23,LAX,16:50,16:52
20210720,TTA35,PDX,16:15,16:21,SEA,17:15,17:30
20210720,TTA36,SEA,18:15,18:25,PDX,19:15,19:24
20210720,TTA13,LAX,18:05,18:46,SEA,20:50,20:49
20210720,TTA37,PDX,20:15,20:15,SEA,21:15,21:25
20210721,TTA10,SEA,06:10,06:14,LAX,08:55,09:05
20210721,TTA30,SEA,06:15,06:24,PDX,07:15,07:29
20210721,TTA20,SEA,06:30,06:31,SFO,08:40,08:43
20210721,TTA31,PDX,08:15,08:24,SEA,09:15,09:18
20210721,TTA11,LAX,09:50,09:48,SEA,12:35,14:11
20210721,TTA32,SEA,10:15,10:27,PDX,11:15,11:15
20210721,TTA21,SFO,10:05,10:45,SEA,12:15,12:14
20210721,TTA33,PDX,12:15,12:11,SEA,13:15,13:19
20210721,TTA22,SEA,13:35,13:39,SFO,15:45,15:43
20210721,TTA34,SEA,14:15,14:15,PDX,15:15,15:22
20210721,TTA12,SEA,14:05,15:40,LAX,16:50,16:48
20210721,TTA35,PDX,16:15,16:57,SEA,17:15,17:25
20210721,TTA23,SFO,17:35,17:47,SEA,19:45,19:53
20210721,TTA13,LAX,18:05,18:04,SEA,20:50,20:46
20210721,TTA36,SEA,18:15,18:19,PDX,19:15,19:11
20210721,TTA37,PDX,20:15,20:10,SEA,21:15,21:12
20210722,TTA10,SEA,06:10,06:20,LAX,08:55,09:00
20210722,TTA30,SEA,06:15,06:23,PDX,07:15,07:18
20210722,TTA20,SEA,06:30,06:31,SFO,08:40,08:51
20210722,TTA31,PDX,08:15,08:18,SEA,09:15,09:16
20210722,TTA11,LAX,09:50,09:47,SEA,12:35,12:36
20210722,TTA21,SFO,10:05,10:05,SEA,12:15,12:10
20210722,TTA32,SEA,10:15,10:13,PDX,11:15,11:31
20210722,TTA33,PDX,12:15,12:14,SEA,13:15,13:10
20210722,TTA22,SEA,13:35,13:41,SFO,15:45,17:20
20210722,TTA12,SEA,14:05,14:05,LAX,16:50,16:46
20210722,TTA34,SEA,14:15,14:15,PDX,15:15,15:20
20210722,TTA35,PDX,16:15,16:32,SEA,17:15,17:16
20210722,TTA23,SFO,17:35,17:36,SEA,19:45,19:48
20210722,TTA13,LAX,18:05,18:03,SEA,20:50,20:51
20210722,TTA36,SEA,18:15,18:18,PDX,19:15,19:55
20210722,TTA37,PDX,20:15,20:32,SEA,21:15,21:08
20210723,TTA30,SEA,06:15,06:10,PDX,07:15,07:17
20210723,TTA10,SEA,06:10,06:12,LAX,08:55,09:11
20210723,TTA20,SEA,06:30,06:35,SFO,08:40,08:47
20210723,TTA31,PDX,08:15,08:15,SEA,09:15,09:15
20210723,TTA11,LAX,09:50,10:03,SEA,12:35,12:36
20210723,TTA21,SFO,10:05,10:07,SEA,12:15,12:11
20210723,TTA32,SEA,10:15,10:16,PDX,11:15,11:10
20210723,TTA33,PDX,12:15,12:20,SEA,13:15,13:10
20210723,TTA22,SEA,13:35,13:41,SFO,15:45,15:44
20210723,TTA12,SEA,14:05,14:05,LAX,16:50,17:07
20210723,TTA34,SEA,14:15,14:19,PDX,15:15,15:10
20210723,TTA35,PDX,16:15,16:11,SEA,17:15,17:09
20210723,TTA23,SFO,17:35,17:39,SEA,19:45,19:50
20210723,TTA36,SEA,18:15,18:11,PDX,19:15,19:13
20210723,TTA13,LAX,18:05,18:13,SEA,20:50,21:50
20210723,TTA37,PDX,20:15,20:27,SEA,21:15,21:15
20210724,TTA10,SEA,06:10,06:11,LAX,08:55,08:52
20210724,TTA30,SEA,06:15,06:19,PDX,07:15,07:21
20210724,TTA20,SEA,06:30,06:37,SFO,08:40,08:46
20210724,TTA31,PDX,08:15,08:55,SEA,09:15,09:25
20210724,TTA11,LAX,09:50,09:58,SEA,12:35,12:41
20210724,TTA21,SFO,10:05,10:10,SEA,12:15,12:12
20210724,TTA32,SEA,10:15,10:16,PDX,11:15,11:11
20210724,TTA33,PDX,12:15,12:20,SEA,13:15,13:13
20210724,TTA22,SEA,13:35,13:35,SFO,15:45,15:52
20210724,TTA12,SEA,14:05,14:05,LAX,16:50,16:43
20210724,TTA34,SEA,14:15,14:19,PDX,15:15,15:16
20210724,TTA35,PDX,16:15,16:15,SEA,17:15,17:12
20210724,TTA23,SFO,17:35,17:35,SEA,19:45,19:48
20210724,TTA13,LAX,18:05,18:05,SEA,20:50,20:59
20210724,TTA36,SEA,18:15,18:18,PDX,19:15,19:10
20210724,TTA37,PDX,20:15,20:16,SEA,21:15,21:56
20210725,TTA10,SEA,06:10,06:05,LAX,08:55,08:56
20210725,TTA30,SEA,06:15,06:16,PDX,07:15,07:16
20210725,TTA20,SEA,06:30,06:27,SFO,08:40,08:44
20210725,TTA31,PDX,08:15,08:23,SEA,09:15,09:16
20210725,TTA11,LAX,09:50,09:54,SEA,12:35,12:34
20210725,TTA21,SFO,10:05,10:10,SEA,12:15,12:23
20210725,TTA32,SEA,10:15,10:16,PDX,11:15,11:23
20210725,TTA33,PDX,12:15,12:14,SEA,13:15,13:27
20210725,TTA22,SEA,13:35,13:34,SFO,15:45,15:55
20210725,TTA12,SEA,14:05,14:00,LAX,16:50,17:00
20210725,TTA34,SEA,14:15,14:20,PDX,15:15,15:23
20210725,TTA35,PDX,16:15,16:32,SEA,17:15,17:19
20210725,TTA23,SFO,17:35,17:29,SEA,19:45,21:21
20210725,TTA13,LAX,18:05,18:04,SEA,20:50,20:59
20210725,TTA36,SEA,18:15,18:17,PDX,19:15,19:23
20210725,TTA37,PDX,20:15,20:55,SEA,21:15,21:22
20210726,TTA10,SEA,06:10,06:11,LAX,08:55,09:03
20210726,TTA20,SEA,06:30,06:25,SFO,08:40,08:35
20210726,TTA30,SEA,06:15,06:35,PDX,07:15,07:24
20210726,TTA31,PDX,08:15,08:19,SEA,09:15,09:08
20210726,TTA11,LAX,09:50,10:00,SEA,12:35,12:45
20210726,TTA21,SFO,10:05,10:04,SEA,12:15,12:22
20210726,TTA32,SEA,10:15,10:27,PDX,11:15,11:24
20210726,TTA33,PDX,12:15,12:22,SEA,13:15,13:31
20210726,TTA22,SEA,13:35,13:43,SFO,15:45,15:42
20210726,TTA12,SEA,14:05,14:00,LAX,16:50,17:04
20210726,TTA34,SEA,14:15,14:10,PDX,15:15,15:17
20210726,TTA35,PDX,16:15,16:15,SEA,17:15,17:16
20210726,TTA23,SFO,17:35,17:44,SEA,19:45,21:20
20210726,TTA13,LAX,18:05,18:04,SEA,20:50,20:45
20210726,TTA36,SEA,18:15,18:33,PDX,19:15,19:17
20210726,TTA37,PDX,20:15,20:21,SEA,21:15,21:15
20210727,TTA10,SEA,06:10,06:14,LAX,08:55,09:03
20210727,TTA30,SEA,06:15,06:22,PDX,07:15,07:18
20210727,TTA20,SEA,06:30,07:30,SFO,08:40,08:36
20210727,TTA31,PDX,08:15,08:15,SEA,09:15,09:28
20210727,TTA11,LAX,09:50,09:49,SEA,12:35,12:45
20210727,TTA21,SFO,10:05,10:09,SEA,12:15,12:25
20210727,TTA32,SEA,10:15,10:20,PDX,11:15,11:26
20210727,TTA33,PDX,12:15,12:13,SEA,13:15,13:15
20210727,TTA22,SEA,13:35,13:46,SFO,15:45,15:47
20210727,TTA34,SEA,14:15,14:13,PDX,15:15,15:25
20210727,TTA12,SEA,14:05,14:14,LAX,16:50,16:54
20210727,TTA35,PDX,16:15,16:12,SEA,17:15,17:34
20210727,TTA23,SFO,17:35,17:31,SEA,19:45,19:55
20210727,TTA13,LAX,18:05,18:05,SEA,20:50,20:59
20210727,TTA36,SEA,18:15,18:21,PDX,19:15,20:51
20210727,TTA37,PDX,20:15,20:12,SEA,21:15,21:23
20210728,TTA35,PDX,16:15,,SEA,17:15,
20210728,TTA34,SEA,14:15,,PDX,15:15,
20210728,TTA10,SEA,06:10,06:19,LAX,08:55,09:05
20210728,TTA30,SEA,06:15,06:24,PDX,07:15,07:19
20210728,TTA20,SEA,06:30,06:34,SFO,08:40,08:40
20210728,TTA31,PDX,08:15,08:10,SEA,09:15,09:20
20210728,TTA21,SFO,10:05,10:05,SEA,12:15,12:24
20210728,TTA11,LAX,09:50,10:07,SEA,12:35,13:17
20210728,TTA32,SEA,10:15,10:30,PDX,11:15,11:10
20210728,TTA33,PDX,12:15,12:23,SEA,13:15,13:10
20210728,TTA22,SEA,13:35,13:35,SFO,15:45,15:46
20210728,TTA12,SEA,14:05,14:03,LAX,16:50,16:44
20210728,TTA23,SFO,17:35,17:30,SEA,19:45,19:50
20210728,TTA13,LAX,18:05,18:12,SEA,20:50,20:44
20210728,TTA36,SEA,18:15,18:20,PDX,19:15,19:23
20210728,TTA37,PDX,20:15,20:16,SEA,21:15,21:11
20210729,TTA10,SEA,06:10,06:16,LAX,08:55,08:52
20210729,TTA20,SEA,06:30,06:35,SFO,08:40,08:47
20210729,TTA30,SEA,06:15,07:50,PDX,07:15,07:18
20210729,TTA31,PDX,08:15,08:14,SEA,09:15,09:14
20210729,TTA11,LAX,09:50,09:46,SEA,12:35,12:42
20210729,TTA21,SFO,10:05,10:09,SEA,12:15,12:56
20210729,TTA32,SEA,10:15,10:22,PDX,11:15,11:22
20210729,TTA33,PDX,12:15,12:11,SEA,13:15,13:14
20210729,TTA22,SEA,13:35,13:47,SFO,15:45,15:45
20210729,TTA12,SEA,14:05,14:04,LAX,16:50,16:49
20210729,TTA34,SEA,14:15,14:27,PDX,15:15,15:16
20210729,TTA35,PDX,16:15,16:23,SEA,17:15,17:24
20210729,TTA23,SFO,17:35,17:36,SEA,19:45,20:45
20210729,TTA13,LAX,18:05,18:01,SEA,20:50,20:50
20210729,TTA36,SEA,18:15,18:16,PDX,19:15,19:25
20210729,TTA37,PDX,20:15,20:14,SEA,21:15,21:11
20210730,TTA10,SEA,06:10,06:19,LAX,08:55,09:03
20210730,TTA30,SEA,06:15,06:33,PDX,07:15,07:23
20210730,TTA20,SEA,06:30,07:10,SFO,08:40,08:40
20210730,TTA31,PDX,08:15,08:11,SEA,09:15,09:35
20210730,TTA32,SEA,10:15,10:19,PDX,11:15,11:17
20210730,TTA21,SFO,10:05,10:45,SEA,12:15,12:25
20210730,TTA11,LAX,09:50,10:50,SEA,12:35,12:31
20210730,TTA33,PDX,12:15,12:57,SEA,13:15,13:57
20210730,TTA22,SEA,13:35,13:40,SFO,15:45,15:59
20210730,TTA12,SEA,14:05,14:13,LAX,16:50,17:09
20210730,TTA34,SEA,14:15,14:23,PDX,15:15,15:26
20210730,TTA35,PDX,16:15,16:14,SEA,17:15,17:16
20210730,TTA23,SFO,17:35,17:37,SEA,19:45,20:04
20210730,TTA13,LAX,18:05,18:14,SEA,20:50,20:49
20210730,TTA36,SEA,18:15,18:23,PDX,19:15,19:13
20210730,TTA37,PDX,20:15,20:18,SEA,21:15,21:14
20210731,TTA23,SFO,17:35,,SEA,19:45,
20210731,TTA22,SEA,13:35,,SFO,15:45,
20210731,TTA30,SEA,06:15,06:27,PDX,07:15,07:15
20210731,TTA20,SEA,06:30,06:33,SFO,08:40,08:50
20210731,TTA10,SEA,06:10,06:51,LAX,08:55,09:02
20210731,TTA31,PDX,08:15,08:08,SEA,09:15,09:25
20210731,TTA11,LAX,09:50,10:00,SEA,12:35,12:30
20210731,TTA21,SFO,10:05,10:01,SEA,12:15,12:25
20210731,TTA32,SEA,10:15,10:19,PDX,11:15,11:18
20210731,TTA33,PDX,12:15,12:25,SEA,13:15,13:25
20210731,TTA12,SEA,14:05,13:58,LAX,16:50,16:50
20210731,TTA34,SEA,14:15,14:22,PDX,15:15,15:10
20210731,TTA35,PDX,16:15,16:18,SEA,17:15,17:22
20210731,TTA13,LAX,18:05,18:05,SEA,20:50,20:56
20210731,TTA36,SEA,18:15,18:23,PDX,19:15,19:17
20210731,TTA37,PDX,20:15,21:10,SEA,21:15,21:10
20210801,TTA23,SFO,17:35,,SEA,19:45,
20210801,TTA13,LAX,18:05,,SEA,20:50,
20210801,TTA22,SEA,13:35,,SFO,15:45,
20210801,TTA12,SEA,14:05,,LAX,16:50,
20210801,TTA10,SEA,06:10,06:20,LAX,08:55,08:56
20210801,TTA30,SEA,06:15,06:23,PDX,07:15,07:14
20210801,TTA20,SEA,06:30,06:31,SFO,08:40,10:16
20210801,TTA31,PDX,08:15,08:17,SEA,09:15,09:18
20210801,TTA11,LAX,09:50,10:00,SEA,12:35,12:37
20210801,TTA21,SFO,10:05,10:04,SEA,12:15,12:11
20210801,TTA32,SEA,10:15,10:15,PDX,11:15,11:27
20210801,TTA33,PDX,12:15,13:15,SEA,13:15,13:31
20210801,TTA36,SEA,18:15,18:27,PDX,19:15,19:21
20210801,TTA37,PDX,20:15,20:18,SEA,21:15,21:12
20210802,TTA10,SEA,06:10,06:10,LAX,08:55,08:49
20210802,TTA30,SEA,06:15,06:16,PDX,07:15,07:55
20210802,TTA20,SEA,06:30,06:25,SFO,08:40,08:49
20210802,TTA31,PDX,08:15,08:57,SEA,09:15,09:23
20210802,TTA11,LAX,09:50,09:46,SEA,12:35,12:30
20210802,TTA21,SFO,10:05,11:00,SEA,12:15,12:18
20210802,TTA22,SEA,13:35,13:34,SFO,15:45,16:03
20210802,TTA34,SEA,14:15,14:25,PDX,15:15,15:22
20210802,TTA35,PDX,16:15,16:15,SEA,17:15,17:35
20210802,TTA23,SFO,17:35,17:43,SEA,19:45,19:55
20210802,TTA36,SEA,18:15,18:23,PDX,19:15,19:27
20210802,TTA37,PDX,20:15,20:23,SEA,21:15,21:20
20210803,TTA21,SFO,10:05,,SEA,12:15,
20210803,TTA20,SEA,06:30,,SFO,08:40,
20210803,TTA10,SEA,06:10,06:15,LAX,08:55,08:56
20210803,TTA30,SEA,06:15,06:19,PDX,07:15,07:20
20210803,TTA31,PDX,08:15,08:15,SEA,09:15,09:34
20210803,TTA11,LAX,09:50,09:52,SEA,12:35,12:36
20210803,TTA32,SEA,10:15,10:18,PDX,11:15,11:23
20210803,TTA33,PDX,12:15,12:09,SEA,13:15,13:11
20210803,TTA22,SEA,13:35,13:46,SFO,15:45,15:55
20210803,TTA12,SEA,14:05,14:06,LAX,16:50,16:57
20210803,TTA23,SFO,17:35,17:44,SEA,19:45,19:51
20210803,TTA36,SEA,18:15,18:24,PDX,19:15,19:22
20210803,TTA13,LAX,18:05,19:40,SEA,20:50,21:04
20210803,TTA37,PDX,20:15,20:16,SEA,21:15,21:11
20210804,TTA30,SEA,06:15,06:16,PDX,07:15,07:16
20210804,TTA10,SEA,06:10,06:17,LAX,08:55,08:57
20210804,TTA20,SEA,06:30,06:35,SFO,08:40,08:42
20210804,TTA31,PDX,08:15,08:20,SEA,09:15,09:15
20210804,TTA11,LAX,09:50,10:10,SEA,12:35,12:45
20210804,TTA21,SFO,10:05,10:18,SEA,12:15,12:27
20210804,TTA34,SEA,14:15,14:15,PDX,15:15,15:29
20210804,TTA22,SEA,13:35,15:11,SFO,15:45,17:21
20210804,TTA35,PDX,16:15,16:13,SEA,17:15,17:20
20210804,TTA23,SFO,17:35,17:35,SEA,19:45,19:43
20210804,TTA36,SEA,18:15,18:15,PDX,19:15,19:23
20210804,TTA37,PDX,20:15,20:21,SEA,21:15,21:08
20210805,TTA30,SEA,06:15,06:18,PDX,07:15,07:34
20210805,TTA10,SEA,06:10,06:18,LAX,08:55,09:35
20210805,TTA20,SEA,06:30,06:37,SFO,08:40,08:36
20210805,TTA31,PDX,08:15,08:23,SEA,09:15,09:21
20210805,TTA11,LAX,09:50,09:58,SEA,12:35,12:42
20210805,TTA21,SFO,10:05,10:03,SEA,12:15,12:11
20210805,TTA32,SEA,10:15,10:15,PDX,11:15,11:21
20210805,TTA33,PDX,12:15,12:22,SEA,13:15,13:21
20210805,TTA22,SEA,13:35,13:45,SFO,15:45,16:01
20210805,TTA12,SEA,14:05,14:23,LAX,16:50,16:50
20210805,TTA23,SFO,17:35,17:41,SEA,19:45,19:44
20210805,TTA13,LAX,18:05,18:11,SEA,20:50,20:52
20210805,TTA36,SEA,18:15,18:12,PDX,19:15,19:12
20210805,TTA37,PDX,20:15,20:20,SEA,21:15,21:15
20210806,TTA30,SEA,06:15,06:10,PDX,07:15,07:18
20210806,TTA10,SEA,06:10,06:20,LAX,08:55,08:55
20210806,TTA20,SEA,06:30,06:38,SFO,08:40,08:49
20210806,TTA31,PDX,08:15,08:15,SEA,09:15,09:19
20210806,TTA11,LAX,09:50,09:45,SEA,12:35,12:39
20210806,TTA21,SFO,10:05,10:07,SEA,12:15,12:25
20210806,TTA22,SEA,13:35,13:44,SFO,15:45,15:57
20210806,TTA34,SEA,14:15,14:34,PDX,15:15,15:23
20210806,TTA35,PDX,16:15,16:22,SEA,17:15,17:16
20210806,TTA23,SFO,17:35,17:45,SEA,19:45,20:27
20210806,TTA36,SEA,18:15,18:12,PDX,19:15,19:16
20210806,TTA37,PDX,20:15,20:10,SEA,21:15,21:20
20210807,TTA10,SEA,06:10,06:12,LAX,08:55,08:55
20210807,TTA30,SEA,06:15,06:20,PDX,07:15,07:56
20210807,TTA20,SEA,06:30,06:37,SFO,08:40,08:47
20210807,TTA31,PDX,08:15,08:23,SEA,09:15,09:34
20210807,TTA11,LAX,09:50,09:45,SEA,12:35,12:37
20210807,TTA21,SFO,10:05,10:13,SEA,12:15,12:32
20210807,TTA32,SEA,10:15,10:18,PDX,11:15,11:14
20210807,TTA33,PDX,12:15,12:11,SEA,13:15,13:14
20210807,TTA22,SEA,13:35,13:42,SFO,15:45,15:51
20210807,TTA12,SEA,14:05,14:07,LAX,16:50,16:50
20210807,TTA23,SFO,17:35,17:41,SEA,19:45,19:53
20210807,TTA13,LAX,18:05,18:11,SEA,20:50,20:59
20210807,TTA36,SEA,18:15,18:55,PDX,19:15,19:27
20210807,TTA37,PDX,20:15,20:25,SEA,21:15,21:20
20210808,TTA37,PDX,20:15,,SEA,21:15,
20210808,TTA36,SEA,18:15,,PDX,19:15,
20210808,TTA33,PDX,12:15,,SEA,13:15,
20210808,TTA32,SEA,10:15,,PDX,11:15,
20210808,TTA20,SEA,06:30,,SFO,08:40,
20210808,TTA21,SFO,10:05,,SEA,12:15,
20210808,TTA10,SEA,06:10,06:14,LAX,08:55,08:52
20210808,TTA30,SEA,06:15,06:17,PDX,07:15,07:34
20210808,TTA31,PDX,08:15,08:23,SEA,09:15,09:13
20210808,TTA11,LAX,09:50,10:00,SEA,12:35,12:50
20210808,TTA22,SEA,13:35,13:44,SFO,15:45,15:48
20210808,TTA12,SEA,14:05,14:09,LAX,16:50,16:52
20210808,TTA23,SFO,17:35,17:35,SEA,19:45,19:40
20210808,TTA13,LAX,18:05,17:59,SEA,20:50,21:09
20210809,TTA10,SEA,06:10,06:09,LAX,08:55,08:55
20210809,TTA30,SEA,06:15,06:29,PDX,07:15,07:56
20210809,TTA20,SEA,06:30,07:11,SFO,08:40,08:44
20210809,TTA31,PDX,08:15,08:13,SEA,09:15,09:25
20210809,TTA11,LAX,09:50,09:56,SEA,12:35,13:17
20210809,TTA21,SFO,10:05,10:05,SEA,12:15,12:13
20210809,TTA22,SEA,13:35,13:36,SFO,15:45,15:44
20210809,TTA34,SEA,14:15,14:19,PDX,15:15,15:18
20210809,TTA35,PDX,16:15,16:22,SEA,17:15,17:12
20210809,TTA23,SFO,17:35,17:41,SEA,19:45,19:56
20210809,TTA36,SEA,18:15,18:17,PDX,19:15,19:17
20210809,TTA37,PDX,20:15,20:10,SEA,21:15,22:10
20210810,TTA10,SEA,06:10,06:13,LAX,08:55,09:55
20210810,TTA30,SEA,06:15,06:19,PDX,07:15,07:24
20210810,TTA20,SEA,06:30,06:47,SFO,08:40,08:45
20210810,TTA31,PDX,08:15,08:24,SEA,09:15,09:15
20210810,TTA11,LAX,09:50,09:59,SEA,12:35,12:31
20210810,TTA21,SFO,10:05,10:15,SEA,12:15,12:19
20210810,TTA32,SEA,10:15,10:24,PDX,11:15,11:21
20210810,TTA33,PDX,12:15,12:20,SEA,13:15,13:23
20210810,TTA12,SEA,14:05,14:09,LAX,16:50,17:00
20210810,TTA22,SEA,13:35,14:35,SFO,15:45,15:43
20210810,TTA23,SFO,17:35,17:44,SEA,19:45,19:38
20210810,TTA13,LAX,18:05,18:01,SEA,20:50,20:55
20210810,TTA36,SEA,18:15,18:15,PDX,19:15,19:22
20210810,TTA37,PDX,20:15,20:21,SEA,21:15,21:22
20210811,TTA30,SEA,06:15,06:22,PDX,07:15,07:55
20210811,TTA10,SEA,06:10,06:26,LAX,08:55,08:57
20210811,TTA20,SEA,06:30,06:42,SFO,08:40,08:55
20210811,TTA31,PDX,08:15,08:15,SEA,09:15,09:10
20210811,TTA11,LAX,09:50,09:48,SEA,12:35,12:44
20210811,TTA21,SFO,10:05,10:20,SEA,12:15,12:15
20210811,TTA22,SEA,13:35,13:47,SFO,15:45,15:50
20210811,TTA34,SEA,14:15,14:28,PDX,15:15,15:15
20210811,TTA35,PDX,16:15,16:26,SEA,17:15,17:19
20210811,TTA23,SFO,17:35,17:30,SEA,19:45,19:49
20210811,TTA36,SEA,18:15,18:14,PDX,19:15,19:16
20210811,TTA37,PDX,20:15,20:17,SEA,21:15,21:35
20210812,TTA10,SEA,06:10,06:07,LAX,08:55,08:59
20210812,TTA30,SEA,06:15,06:14,PDX,07:15,08:50
20210812,TTA20,SEA,06:30,06:37,SFO,08:40,08:47
20210812,TTA31,PDX,08:15,08:13,SEA,09:15,09:09
20210812,TTA11,LAX,09:50,09:53,SEA,12:35,12:38
20210812,TTA32,SEA,10:15,10:20,PDX,11:15,11:24
20210812,TTA21,SFO,10:05,10:46,SEA,12:15,12:19
20210812,TTA33,PDX,12:15,12:16,SEA,13:15,13:34
20210812,TTA22,SEA,13:35,13:39,SFO,15:45,15:51
20210812,TTA12,SEA,14:05,14:04,LAX,16:50,17:04
20210812,TTA23,SFO,17:35,17:43,SEA,19:45,19:41
20210812,TTA13,LAX,18:05,18:05,SEA,20:50,20:52
20210812,TTA36,SEA,18:15,18:19,PDX,19:15,19:21
20210812,TTA37,PDX,20:15,20:25,SEA,21:15,21:21
20210813,TTA10,SEA,06:10,06:23,LAX,08:55,08:57
20210813,TTA20,SEA,06:30,06:32,SFO,08:40,08:35
20210813,TTA30,SEA,06:15,06:34,PDX,07:15,07:22
20210813,TTA31,PDX,08:15,08:26,SEA,09:15,09:29
20210813,TTA11,LAX,09:50,09:50,SEA,12:35,12:31
20210813,TTA21,SFO,10:05,10:04,SEA,12:15,12:16
20210813,TTA22,SEA,13:35,13:51,SFO,15:45,15:53
20210813,TTA34,SEA,14:15,14:21,PDX,15:15,15:14
20210813,TTA35,PDX,16:15,16:57,SEA,17:15,17:20
20210813,TTA23,SFO,17:35,17:45,SEA,19:45,19:50
20210813,TTA36,SEA,18:15,18:10,PDX,19:15,19:14
20210813,TTA37,PDX,20:15,20:12,SEA,21:15,21:13
20210814,TTA10,SEA,06:10,06:18,LAX,08:55,08:55
20210814,TTA30,SEA,06:15,06:24,PDX,07:15,07:18
20210814,TTA20,SEA,06:30,06:32,SFO,08:40,08:43
20210814,TTA31,PDX,08:15,08:25,SEA,09:15,09:15
20210814,TTA11,LAX,09:50,09:43,SEA,12:35,12:33
20210814,TTA21,SFO,10:05,10:08,SEA,12:15,12:26
20210814,TTA32,SEA,10:15,10:27,PDX,11:15,11:16
20210814,TTA33,PDX,12:15,12:16,SEA,13:15,13:20
20210814,TTA22,SEA,13:35,13:50,SFO,15:45,16:25
20210814,TTA12,SEA,14:05,13:58,LAX,16:50,16:46
20210814,TTA23,SFO,17:35,17:43,SEA,19:45,20:27
20210814,TTA13,LAX,18:05,18:04,SEA,20:50,20:54
20210814,TTA36,SEA,18:15,18:14,PDX,19:15,19:13
20210814,TTA37,PDX,20:15,20:12,SEA,21:15,21:21
20210815,TTA30,SEA,06:15,,PDX,07:15,
20210815,TTA31,PDX,08:15,,SEA,09:15,
20210815,TTA20,SEA,06:30,06:33,SFO,08:40,08:41
20210815,TTA10,SEA,06:10,06:51,LAX,08:55,08:58
20210815,TTA11,LAX,09:50,09:51,SEA,12:35,12:41
20210815,TTA21,SFO,10:05,10:00,SEA,12:15,12:10
20210815,TTA32,SEA,10:15,10:17,PDX,11:15,11:20
20210815,TTA33,PDX,12:15,12:23,SEA,13:15,13:28
20210815,TTA22,SEA,13:35,13:36,SFO,15:45,15:46
20210815,TTA12,SEA,14:05,14:15,LAX,16:50,17:08
20210815,TTA23,SFO,17:35,17:35,SEA,19:45,19:50
20210815,TTA13,LAX,18:05,18:11,SEA,20:50,20:57
20210815,TTA36,SEA,18:15,18:15,PDX,19:15,19:26
20210815,TTA37,PDX,20:15,20:25,SEA,21:15,21:13
20210816,TTA30,SEA,06:15,,PDX,07:15,
20210816,TTA31,PDX,08:15,,SEA,09:15,
20210816,TTA10,SEA,06:10,06:10,LAX,08:55,08:57
20210816,TTA20,SEA,06:30,06:25,SFO,08:40,08:42
20210816,TTA11,LAX,09:50,09:52,SEA,12:35,12:36
20210816,TTA21,SFO,10:05,09:59,SEA,12:15,12:18
20210816,TTA22,SEA,13:35,13:36,SFO,15:45,15:47
20210816,TTA34,SEA,14:15,14:24,PDX,15:15,15:15
20210816,TTA35,PDX,16:15,16:13,SEA,17:15,17:25
20210816,TTA23,SFO,17:35,17:32,SEA,19:45,19:58
20210816,TTA36,SEA,18:15,18:25,PDX,19:15,19:23
20210816,TTA37,PDX,20:15,20:24,SEA,21:15,21:12
20210817,TTA10,SEA,06:10,06:14,LAX,08:55,09:03
20210817,TTA30,SEA,06:15,06:21,PDX,07:15,07:15
20210817,TTA20,SEA,06:30,06:43,SFO,08:40,08:52
20210817,TTA31,PDX,08:15,08:19,SEA,09:15,10:51
20210817,TTA11,LAX,09:50,09:44,SEA,12:35,12:31
20210817,TTA21,SFO,10:05,10:10,SEA,12:15,12:19
20210817,TTA32,SEA,10:15,10:24,PDX,11:15,11:27
20210817,TTA33,PDX,12:15,12:24,SEA,13:15,13:25
20210817,TTA22,SEA,13:35,13:37,SFO,15:45,15:54
20210817,TTA12,SEA,14:05,14:09,LAX,16:50,16:54
20210817,TTA23,SFO,17:35,17:43,SEA,19:45,19:42
20210817,TTA13,LAX,18:05,18:01,SEA,20:50,20:50
20210817,TTA36,SEA,18:15,18:15,PDX,19:15,19:22
20210817,TTA37,PDX,20:15,20:10,SEA,21:15,22:51
20210818,TTA30,SEA,06:15,06:18,PDX,07:15,07:25
20210818,TTA20,SEA,06:30,06:29,SFO,08:40,08:46
20210818,TTA10,SEA,06:10,07:05,LAX,08:55,08:56
20210818,TTA31,PDX,08:15,08:13,SEA,09:15,09:13
20210818,TTA21,SFO,10:05,10:05,SEA,12:15,12:27
20210818,TTA11,LAX,09:50,10:30,SEA,12:35,12:33
20210818,TTA22,SEA,13:35,13:46,SFO,15:45,15:53
20210818,TTA34,SEA,14:15,14:14,PDX,15:15,15:15
20210818,TTA35,PDX,16:15,16:15,SEA,17:15,17:13
20210818,TTA23,SFO,17:35,17:41,SEA,19:45,19:41
20210818,TTA36,SEA,18:15,18:16,PDX,19:15,19:16
20210818,TTA37,PDX,20:15,20:20,SEA,21:15,21:15
20210819,TTA30,SEA,06:15,06:10,PDX,07:15,07:23
20210819,TTA10,SEA,06:10,06:18,LAX,08:55,09:04
20210819,TTA20,SEA,06:30,06:30,SFO,08:40,08:41
20210819,TTA31,PDX,08:15,08:08,SEA,09:15,09:23
20210819,TTA11,LAX,09:50,09:58,SEA,12:35,12:36
20210819,TTA21,SFO,10:05,10:11,SEA,12:15,12:15
20210819,TTA32,SEA,10:15,10:17,PDX,11:15,11:14
20210819,TTA33,PDX,12:15,12:26,SEA,13:15,13:25
20210819,TTA22,SEA,13:35,13:46,SFO,15:45,15:52
20210819,TTA12,SEA,14:05,14:01,LAX,16:50,16:49
20210819,TTA23,SFO,17:35,17:35,SEA,19:45,19:46
20210819,TTA36,SEA,18:15,18:19,PDX,19:15,19:11
20210819,TTA13,LAX,18:05,19:40,SEA,20:50,20:46
20210819,TTA37,PDX,20:15,20:08,SEA,21:15,21:17
20210820,TTA10,SEA,06:10,06:07,LAX,08:55,09:00
20210820,TTA30,SEA,06:15,06:11,PDX,07:15,07:25
20210820,TTA20,SEA,06:30,06:41,SFO,08:40,08:46
20210820,TTA31,PDX,08:15,08:17,SEA,09:15,09:11
20210820,TTA11,LAX,09:50,09:56,SEA,12:35,12:31
20210820,TTA21,SFO,10:05,11:41,SEA,12:15,12:23
20210820,TTA22,SEA,13:35,13:42,SFO,15:45,16:00
20210820,TTA34,SEA,14:15,14:11,PDX,15:15,15:24
20210820,TTA35,PDX,16:15,16:15,SEA,17:15,17:17
20210820,TTA23,SFO,17:35,17:33,SEA,19:45,19:45
20210820,TTA36,SEA,18:15,18:13,PDX,19:15,19:16
20210820,TTA37,PDX,20:15,20:15,SEA,21:15,21:21
20210821,TTA10,SEA,06:10,06:16,LAX,08:55,09:07
20210821,TTA30,SEA,06:15,06:19,PDX,07:15,07:17
20210821,TTA20,SEA,06:30,06:33,SFO,08:40,08:46
20210821,TTA31,PDX,08:15,08:16,SEA,09:15,09:17
20210821,TTA11,LAX,09:50,09:44,SEA,12:35,12:31
20210821,TTA21,SFO,10:05,10:01,SEA,12:15,12:19
20210821,TTA32,SEA,10:15,10:32,PDX,11:15,11:57
20210821,TTA33,PDX,12:15,12:12,SEA,13:15,13:24
20210821,TTA22,SEA,13:35,13:30,SFO,15:45,15:52
20210821,TTA12,SEA,14:05,14:08,LAX,16:50,16:54
20210821,TTA23,SFO,17:35,17:39,SEA,19:45,19:41
20210821,TTA13,LAX,18:05,18:03,SEA,20:50,20:51
20210821,TTA36,SEA,18:15,18:31,PDX,19:15,19:33
20210821,TTA37,PDX,20:15,20:24,SEA,21:15,21:16
20210822,TTA30,SEA,06:15,06:15,PDX,07:15,07:18
20210822,TTA10,SEA,06:10,06:18,LAX,08:55,08:53
20210822,TTA20,SEA,06:30,06:26,SFO,08:40,08:57
20210822,TTA31,PDX,08:15,09:15,SEA,09:15,09:18
20210822,TTA11,LAX,09:50,09:52,SEA,12:35,12:44
20210822,TTA21,SFO,10:05,10:10,SEA,12:15,12:23
20210822,TTA32,SEA,10:15,10:16,PDX,11:15,11:14
20210822,TTA33,PDX,12:15,12:15,SEA,13:15,13:09
20210822,TTA22,SEA,13:35,13:34,SFO,15:45,15:52
20210822,TTA12,SEA,14:05,14:08,LAX,16:50,16:51
20210822,TTA23,SFO,17:35,17:40,SEA,19:45,19:52
20210822,TTA13,LAX,18:05,18:08,SEA,20:50,22:26
20210822,TTA36,SEA,18:15,18:17,PDX,19:15,19:24
20210822,TTA37,PDX,20:15,21:10,SEA,21:15,22:10
20210823,TTA30,SEA,06:15,06:08,PDX,07:15,07:10
20210823,TTA10,SEA,06:10,06:12,LAX,08:55,09:03
20210823,TTA20,SEA,06:30,06:33,SFO,08:40,08:39
20210823,TTA31,PDX,08:15,08:19,SEA,09:15,09:55
20210823,TTA11,LAX,09:50,09:53,SEA,12:35,12:31
20210823,TTA21,SFO,10:05,10:11,SEA,12:15,12:15
20210823,TTA22,SEA,13:35,13:42,SFO,15:45,15:49
20210823,TTA34,SEA,14:15,14:15,PDX,15:15,15:20
20210823,TTA35,PDX,16:15,16:14,SEA,17:15,17:11
20210823,TTA23,SFO,17:35,17:51,SEA,19:45,19:47
20210823,TTA36,SEA,18:15,18:34,PDX,19:15,19:23
20210823,TTA37,PDX,20:15,20:22,SEA,21:15,21:13
20210824,TTA30,SEA,06:15,06:16,PDX,07:15,07:10
20210824,TTA10,SEA,06:10,06:26,LAX,08:55,08:50
20210824,TTA20,SEA,06:30,06:32,SFO,08:40,08:35
20210824,TTA31,PDX,08:15,08:11,SEA,09:15,09:22
20210824,TTA11,LAX,09:50,09:48,SEA,12:35,12:51
20210824,TTA21,SFO,10:05,10:05,SEA,12:15,12:22
20210824,TTA32,SEA,10:15,10:11,PDX,11:15,11:25
20210824,TTA33,PDX,12:15,12:15,SEA,13:15,13:18
20210824,TTA22,SEA,13:35,13:34,SFO,15:45,15:44
20210824,TTA12,SEA,14:05,14:05,LAX,16:50,16:52
20210824,TTA23,SFO,17:35,17:35,SEA,19:45,19:51
20210824,TTA13,LAX,18:05,18:00,SEA,20:50,20:47
20210824,TTA36,SEA,18:15,18:22,PDX,19:15,19:15
20210824,TTA37,PDX,20:15,20:25,SEA,21:15,21:27
20210825,TTA10,SEA,06:10,06:18,LAX,08:55,09:01
20210825,TTA30,SEA,06:15,06:23,PDX,07:15,07:18
20210825,TTA20,SEA,06:30,06:37,SFO,08:40,08:57
20210825,TTA31,PDX,08:15,08:55,SEA,09:15,09:21
20210825,TTA21,SFO,10:05,10:04,SEA,12:15,12:27
20210825,TTA11,LAX,09:50,10:32,SEA,12:35,12:37
20210825,TTA22,SEA,13:35,13:43,SFO,15:45,15:49
20210825,TTA34,SEA,14:15,14:23,PDX,15:15,15:15
20210825,TTA23,SFO,17:35,17:36,SEA,19:45,19:54
20210825,TTA35,PDX,16:15,17:50,SEA,17:15,17:31
20210825,TTA36,SEA,18:15,19:10,PDX,19:15,19:08
20210825,TTA37,PDX,20:15,20:16,SEA,21:15,21:17
20210826,TTA10,SEA,06:10,06:04,LAX,08:55,09:00
20210826,TTA30,SEA,06:15,06:32,PDX,07:15,07:16
20210826,TTA20,SEA,06:30,06:33,SFO,08:40,08:36
20210826,TTA31,PDX,08:15,08:18,SEA,09:15,09:21
20210826,TTA11,LAX,09:50,09:44,SEA,12:35,12:35
20210826,TTA21,SFO,10:05,10:15,SEA,12:15,12:11
20210826,TTA32,SEA,10:15,10:15,PDX,11:15,11:23
20210826,TTA33,PDX,12:15,12:27,SEA,13:15,13:22
20210826,TTA22,SEA,13:35,13:53,SFO,15:45,15:52
20210826,TTA12,SEA,14:05,14:14,LAX,16:50,16:47
20210826,TTA23,SFO,17:35,17:35,SEA,19:45,19:46
20210826,TTA36,SEA,18:15,18:23,PDX,19:15,19:14
20210826,TTA13,LAX,18:05,18:23,SEA,20:50,20:46
20210826,TTA37,PDX,20:15,20:21,SEA,21:15,21:29
20210827,TTA10,SEA,06:10,06:12,LAX,08:55,08:58
20210827,TTA30,SEA,06:15,06:23,PDX,07:15,07:13
20210827,TTA20,SEA,06:30,06:32,SFO,08:40,08:41
20210827,TTA31,PDX,08:15,08:15,SEA,09:15,09:16
20210827,TTA11,LAX,09:50,09:47,SEA,12:35,12:31
20210827,TTA21,SFO,10:05,10:23,SEA,12:15,12:13
20210827,TTA22,SEA,13:35,13:41,SFO,15:45,15:54
20210827,TTA34,SEA,14:15,14:27,PDX,15:15,15:20
20210827,TTA35,PDX,16:15,17:15,SEA,17:15,17:15
20210827,TTA23,SFO,17:35,17:45,SEA,19:45,19:49
20210827,TTA36,SEA,18:15,18:16,PDX,19:15,19:10
20210827,TTA37,PDX,20:15,20:15,SEA,21:15,21:57
20210828,TTA10,SEA,06:10,06:14,LAX,08:55,08:51
20210828,TTA30,SEA,06:15,06:21,PDX,07:15,07:32
20210828,TTA20,SEA,06:30,06:33,SFO,08:40,08:57
20210828,TTA31,PDX,08:15,08:30,SEA,09:15,09:25
20210828,TTA11,LAX,09:50,09:53,SEA,12:35,12:55
20210828,TTA32,SEA,10:15,10:16,PDX,11:15,11:12
20210828,TTA21,SFO,10:05,11:00,SEA,12:15,12:29
20210828,TTA33,PDX,12:15,12:19,SEA,13:15,13:15
20210828,TTA22,SEA,13:35,13:44,SFO,15:45,15:45
20210828,TTA12,SEA,14:05,14:12,LAX,16:50,17:08
20210828,TTA23,SFO,17:35,17:44,SEA,19:45,19:53
20210828,TTA13,LAX,18:05,17:58,SEA,20:50,20:54
20210828,TTA36,SEA,18:15,18:15,PDX,19:15,19:20
20210828,TTA37,PDX,20:15,20:16,SEA,21:15,21:25
20210829,TTA10,SEA,06:10,06:06,LAX,08:55,08:54
20210829,TTA30,SEA,06:15,06:33,PDX,07:15,07:14
20210829,TTA20,SEA,06:30,06:39,SFO,08:40,08:43
20210829,TTA31,PDX,08:15,08:10,SEA,09:15,09:23
20210829,TTA21,SFO,10:05,10:16,SEA,12:15,12:16
20210829,TTA32,SEA,10:15,10:21,PDX,11:15,11:24
20210829,TTA11,LAX,09:50,10:31,SEA,12:35,12:37
20210829,TTA33,PDX,12:15,12:17,SEA,13:15,13:20
20210829,TTA22,SEA,13:35,13:40,SFO,15:45,15:54
20210829,TTA12,SEA,14:05,14:11,LAX,16:50,16:54
20210829,TTA23,SFO,17:35,17:34,SEA,19:45,19:47
20210829,TTA13,LAX,18:05,18:11,SEA,20:50,20:57
20210829,TTA36,SEA,18:15,18:16,PDX,19:15,19:21
20210829,TTA37,PDX,20:15,20:13,SEA,21:15,21:23
20210830,TTA10,SEA,06:10,06:10,LAX,08:55,08:55
20210830,TTA30,SEA,06:15,06:17,PDX,07:15,07:13
20210830,TTA20,SEA,06:30,06:48,SFO,08:40,08:44
20210830,TTA31,PDX,08:15,08:23,SEA,09:15,09:15
20210830,TTA21,SFO,10:05,10:11,SEA,12:15,12:29
20210830,TTA11,LAX,09:50,10:32,SEA,12:35,12:34
20210830,TTA22,SEA,13:35,13:41,SFO,15:45,15:44
20210830,TTA34,SEA,14:15,14:34,PDX,15:15,15:20
20210830,TTA35,PDX,16:15,16:22,SEA,17:15,17:15
20210830,TTA23,SFO,17:35,17:34,SEA,19:45,19:38
20210830,TTA36,SEA,18:15,18:20,PDX,19:15,19:14
20210830,TTA37,PDX,20:15,20:17,SEA,21:15,21:16
20210831,TTA10,SEA,06:10,06:19,LAX,08:55,09:05
20210831,TTA30,SEA,06:15,06:26,PDX,07:15,07:21
20210831,TTA20,SEA,06:30,06:35,SFO,08:40,08:46
20210831,TTA31,PDX,08:15,08:19,SEA,09:15,09:18
20210831,TTA11,LAX,09:50,09:57,SEA,12:35,12:39
20210831,TTA21,SFO,10:05,10:07,SEA,12:15,12:22
20210831,TTA32,SEA,10:15,10:25,PDX,11:15,11:35
20210831,TTA33,PDX,12:15,12:20,SEA,13:15,13:14
20210831,TTA22,SEA,13:35,13:44,SFO,15:45,15:41
20210831,TTA12,SEA,14:05,14:11,LAX,16:50,16:57
20210831,TTA23,SFO,17:35,17:35,SEA,19:45,20:02
20210831,TTA13,LAX,18:05,18:13,SEA,20:50,20:45
20210831,TTA36,SEA,18:15,19:15,PDX,19:15,19:24
20210831,TTA37,PDX,20:15,20:13,SEA,21:15,21:31
20210901,TTA30,SEA,06:15,06:18,PDX,07:15,07:25
20210901,TTA10,SEA,06:10,06:18,LAX,08:55,09:05
20210901,TTA20,SEA,06:30,06:36,SFO,08:40,08:53
20210901,TTA31,PDX,08:15,08:11,SEA,09:15,09:22
20210901,TTA21,SFO,10:05,09:58,SEA,12:15,12:21
20210901,TTA11,LAX,09:50,10:00,SEA,12:35,12:43
20210901,TTA22,SEA,13:35,13:47,SFO,15:45,15:49
20210901,TTA34,SEA,14:15,14:32,PDX,15:15,15:25
20210901,TTA35,PDX,16:15,16:10,SEA,17:15,17:13
20210901,TTA23,SFO,17:35,17:44,SEA,19:45,19:45
20210901,TTA36,SEA,18:15,18:27,PDX,19:15,19:20
20210901,TTA37,PDX,20:15,20:20,SEA,21:15,21:18
20210902,TTA10,SEA,06:10,06:11,LAX,08:55,09:01
20210902,TTA30,SEA,06:15,06:15,PDX,07:15,07:25
20210902,TTA20,SEA,06:30,06:41,SFO,08:40,08:38
20210902,TTA31,PDX,08:15,08:10,SEA,09:15,09:23
20210902,TTA11,LAX,09:50,09:59,SEA,12:35,12:45
20210902,TTA21,SFO,10:05,10:02,SEA,12:15,12:22
20210902,TTA32,SEA,10:15,10:24,PDX,11:15,11:13
20210902,TTA33,PDX,12:15,12:26,SEA,13:15,13:13
20210902,TTA22,SEA,13:35,13:35,SFO,15:45,15:59
20210902,TTA12,SEA,14:05,14:12,LAX,16:50,17:09
20210902,TTA23,SFO,17:35,17:52,SEA,19:45,20:03
20210902,TTA13,LAX,18:05,18:06,SEA,20:50,20:50
20210902,TTA36,SEA,18:15,18:22,PDX,19:15,19:10
20210902,TTA37,PDX,20:15,20:22,SEA,21:15,21:18
20210903,TTA20,SEA,06:30,,SFO,08:40,
20210903,TTA21,SFO,10:05,,SEA,12:15,
20210903,TTA30,SEA,06:15,06:19,PDX,07:15,07:18
20210903,TTA10,SEA,06:10,06:20,LAX,08:55,08:54
20210903,TTA31,PDX,08:15,08:22,SEA,09:15,09:19
20210903,TTA11,LAX,09:50,11:25,SEA,12:35,12:35
20210903,TTA34,SEA,14:15,14:14,PDX,15:15,15:24
20210903,TTA35,PDX,16:15,16:23,SEA,17:15,17:25
20210903,TTA36,SEA,18:15,18:21,PDX,19:15,19:24
20210903,TTA37,PDX,20:15,20:15,SEA,21:15,21:17
20210904,TTA10,SEA,06:10,06:11,LAX,08:55,08:57
20210904,TTA20,SEA,06:30,06:30,SFO,08:40,08:57
20210904,TTA30,SEA,06:15,07:51,PDX,07:15,07:23
20210904,TTA31,PDX,08:15,08:15,SEA,09:15,09:15
20210904,TTA21,SFO,10:05,10:02,SEA,12:15,12:15
20210904,TTA32,SEA,10:15,10:15,PDX,11:15,12:15
20210904,TTA11,LAX,09:50,11:26,SEA,12:35,12:45
20210904,TTA33,PDX,12:15,12:19,SEA,13:15,13:24
20210904,TTA22,SEA,13:35,13:32,SFO,15:45,15:47
20210904,TTA12,SEA,14:05,15:41,LAX,16:50,16:51
20210904,TTA23,SFO,17:35,17:41,SEA,19:45,19:49
20210904,TTA13,LAX,18:05,18:09,SEA,20:50,20:51
20210904,TTA36,SEA,18:15,18:17,PDX,19:15,19:14
20210904,TTA37,PDX,20:15,20:21,SEA,21:15,21:24
20210905,TTA10,SEA,06:10,06:10,LAX,08:55,08:58
20210905,TTA30,SEA,06:15,06:15,PDX,07:15,07:13
20210905,TTA20,SEA,06:30,06:29,SFO,08:40,08:44
20210905,TTA31,PDX,08:15,08:21,SEA,09:15,09:11
20210905,TTA11,LAX,09:50,09:48,SEA,12:35,12:36
20210905,TTA21,SFO,10:05,10:07,SEA,12:15,12:15
20210905,TTA32,SEA,10:15,10:55,PDX,11:15,11:09
20210905,TTA33,PDX,12:15,12:15,SEA,13:15,13:22
20210905,TTA22,SEA,13:35,13:46,SFO,15:45,15:55
20210905,TTA12,SEA,14:05,14:14,LAX,16:50,16:58
20210905,TTA13,LAX,18:05,18:02,SEA,20:50,20:58
20210905,TTA36,SEA,18:15,18:25,PDX,19:15,19:15
20210905,TTA23,SFO,17:35,18:35,SEA,19:45,20:40
20210905,TTA37,PDX,20:15,20:14,SEA,21:15,21:19
20210906,TTA10,SEA,06:10,06:10,LAX,08:55,09:05
20210906,TTA30,SEA,06:15,06:23,PDX,07:15,07:22
20210906,TTA20,SEA,06:30,06:34,SFO,08:40,08:58
20210906,TTA31,PDX,08:15,08:22,SEA,09:15,09:22
20210906,TTA11,LAX,09:50,09:51,SEA,12:35,12:45
20210906,TTA21,SFO,10:05,10:21,SEA,12:15,12:24
20210906,TTA34,SEA,14:15,14:14,PDX,15:15,15:14
20210906,TTA35,PDX,16:15,16:19,SEA,17:15,17:23
20210906,TTA36,SEA,18:15,18:22,PDX,19:15,19:17
20210906,TTA37,PDX,20:15,20:18,SEA,21:15,21:16
20210907,TTA10,SEA,06:10,06:05,LAX,08:55,08:55
20210907,TTA30,SEA,06:15,06:17,PDX,07:15,07:57
20210907,TTA20,SEA,06:30,06:23,SFO,08:40,08:50
20210907,TTA31,PDX,08:15,08:18,SEA,09:15,09:10
20210907,TTA11,LAX,09:50,09:53,SEA,12:35,12:33
20210907,TTA32,SEA,10:15,10:11,PDX,11:15,11:33
20210907,TTA21,SFO,10:05,11:40,SEA,12:15,12:24
20210907,TTA33,PDX,12:15,12:10,SEA,13:15,13:25
20210907,TTA22,SEA,13:35,13:37,SFO,15:45,15:45
20210907,TTA12,SEA,14:05,14:07,LAX,16:50,16:56
20210907,TTA23,SFO,17:35,17:48,SEA,19:45,19:45
20210907,TTA13,LAX,18:05,18:07,SEA,20:50,20:56
20210907,TTA36,SEA,18:15,18:19,PDX,19:15,19:30
20210907,TTA37,PDX,20:15,20:14,SEA,21:15,21:16
20210908,TTA10,SEA,06:10,06:08,LAX,08:55,09:01
20210908,TTA30,SEA,06:15,06:17,PDX,07:15,07:11
20210908,TTA20,SEA,06:30,06:48,SFO,08:40,08:48
20210908,TTA31,PDX,08:15,08:27,SEA,09:15,10:15
20210908,TTA11,LAX,09:50,09:48,SEA,12:35,12:37
20210908,TTA21,SFO,10:05,10:05,SEA,12:15,12:24
20210908,TTA22,SEA,13:35,13:44,SFO,15:45,15:49
20210908,TTA34,SEA,14:15,14:19,PDX,15:15,15:27
20210908,TTA35,PDX,16:15,16:15,SEA,17:15,17:24
20210908,TTA23,SFO,17:35,17:48,SEA,19:45,20:04
20210908,TTA36,SEA,18:15,18:20,PDX,19:15,19:13
20210908,TTA37,PDX,20:15,20:15,SEA,21:15,21:29
20210909,TTA33,PDX,12:15,,SEA,13:15,
20210909,TTA32,SEA,10:15,,PDX,11:15,
20210909,TTA10,SEA,06:10,06:18,LAX,08:55,08:52
20210909,TTA30,SEA,06:15,06:23,PDX,07:15,07:14
20210909,TTA20,SEA,06:30,06:28,SFO,08:40,08:40
20210909,TTA31,PDX,08:15,08:19,SEA,09:15,09:10
20210909,TTA21,SFO,10:05,10:01,SEA,12:15,12:26
20210909,TTA11,LAX,09:50,10:03,SEA,12:35,12:30
20210909,TTA22,SEA,13:35,13:33,SFO,15:45,17:21
20210909,TTA12,SEA,14:05,14:14,LAX,16:50,16:52
20210909,TTA23,SFO,17:35,17:32,SEA,19:45,19:46
20210909,TTA13,LAX,18:05,18:10,SEA,20:50,22:25
20210909,TTA36,SEA,18:15,18:15,PDX,19:15,19:10
20210909,TTA37,PDX,20:15,20:18,SEA,21:15,21:21
20210910,TTA10,SEA,06:10,06:05,LAX,08:55,08:52
20210910,TTA30,SEA,06:15,06:11,PDX,07:15,07:09
20210910,TTA20,SEA,06:30,06:38,SFO,08:40,10:16
20210910,TTA31,PDX,08:15,08:15,SEA,09:15,09:56
20210910,TTA11,LAX,09:50,09:59,SEA,12:35,12:35
20210910,TTA21,SFO,10:05,10:00,SEA,12:15,13:15
20210910,TTA34,SEA,14:15,14:18,PDX,15:15,15:08
20210910,TTA35,PDX,16:15,16:14,SEA,17:15,17:11
20210910,TTA36,SEA,18:15,18:25,PDX,19:15,19:19
20210910,TTA37,PDX,20:15,20:18,SEA,21:15,21:10
20210911,TTA10,SEA,06:10,06:09,LAX,08:55,09:05
20210911,TTA30,SEA,06:15,06:24,PDX,07:15,07:25
20210911,TTA20,SEA,06:30,07:30,SFO,08:40,08:49
20210911,TTA31,PDX,08:15,08:17,SEA,09:15,09:22
20210911,TTA11,LAX,09:50,09:58,SEA,12:35,13:35
20210911,TTA21,SFO,10:05,10:03,SEA,12:15,12:21
20210911,TTA32,SEA,10:15,10:24,PDX,11:15,11:19
20210911,TTA33,PDX,12:15,12:13,SEA,13:15,13:24
20210911,TTA22,SEA,13:35,13:45,SFO,15:45,15:56
20210911,TTA12,SEA,14:05,14:03,LAX,16:50,16:58
20210911,TTA23,SFO,17:35,17:31,SEA,19:45,19:48
20210911,TTA13,LAX,18:05,18:05,SEA,20:50,20:52
20210911,TTA36,SEA,18:15,18:20,PDX,19:15,19:11
20210911,TTA37,PDX,20:15,20:13,SEA,21:15,21:32
20210912,TTA10,SEA,06:10,06:11,LAX,08:55,09:00
20210912,TTA30,SEA,06:15,06:33,PDX,07:15,07:19
20210912,TTA20,SEA,06:30,06:36,SFO,08:40,08:47
20210912,TTA31,PDX,08:15,08:25,SEA,09:15,09:08
20210912,TTA11,LAX,09:50,10:03,SEA,12:35,12:30
20210912,TTA21,SFO,10:05,10:05,SEA,12:15,12:10
20210912,TTA32,SEA,10:15,10:33,PDX,11:15,11:13
20210912,TTA33,PDX,12:15,12:30,SEA,13:15,13:12
20210912,TTA22,SEA,13:35,13:46,SFO,15:45,15:41
20210912,TTA12,SEA,14:05,14:05,LAX,16:50,16:50
20210912,TTA23,SFO,17:35,17:43,SEA,19:45,19:41
20210912,TTA13,LAX,18:05,18:10,SEA,20:50,20:45
20210912,TTA36,SEA,18:15,19:51,PDX,19:15,19:25
20210912,TTA37,PDX,20:15,20:20,SEA,21:15,21:18
20210913,TTA10,SEA,06:10,06:14,LAX,08:55,08:57
20210913,TTA20,SEA,06:30,06:26,SFO,08:40,08:35
20210913,TTA30,SEA,06:15,07:51,PDX,07:15,07:12
20210913,TTA31,PDX,08:15,08:22,SEA,09:15,09:18
20210913,TTA11,LAX,09:50,09:49,SEA,12:35,12:38
20210913,TTA21,SFO,10:05,10:12,SEA,12:15,12:18
20210913,TTA34,SEA,14:15,14:17,PDX,15:15,15:24
20210913,TTA35,PDX,16:15,16:17,SEA,17:15,17:23
20210913,TTA36,SEA,18:15,18:14,PDX,19:15,19:18
20210913,TTA37,PDX,20:15,20:14,SEA,21:15,21:15
20210914,TTA10,SEA,06:10,06:20,LAX,08:55,08:59
20210914,TTA30,SEA,06:15,06:22,PDX,07:15,07:22
20210914,TTA20,SEA,06:30,06:28,SFO,08:40,08:50
20210914,TTA31,PDX,08:15,08:11,SEA,09:15,09:29
20210914,TTA11,LAX,09:50,09:51,SEA,12:35,12:35
20210914,TTA21,SFO,10:05,10:10,SEA,12:15,12:15
20210914,TTA32,SEA,10:15,10:11,PDX,11:15,11:23
20210914,TTA33,PDX,12:15,13:10,SEA,13:15,13:22
20210914,TTA22,SEA,13:35,13:37,SFO,15:45,16:05
20210914,TTA12,SEA,14:05,14:09,LAX,16:50,16:55
20210914,TTA23,SFO,17:35,17:29,SEA,19:45,19:43
20210914,TTA13,LAX,18:05,18:14,SEA,20:50,20:58
20210914,TTA36,SEA,18:15,18:21,PDX,19:15,19:11
20210914,TTA37,PDX,20:15,20:14,SEA,21:15,21:17
20210915,TTA10,SEA,06:10,06:10,LAX,08:55,08:56
20210915,TTA30,SEA,06:15,06:25,PDX,07:15,07:19
20210915,TTA20,SEA,06:30,06:31,SFO,08:40,08:39
20210915,TTA31,PDX,08:15,08:18,SEA,09:15,09:10
20210915,TTA11,LAX,09:50,09:53,SEA,12:35,12:41
20210915,TTA21,SFO,10:05,10:06,SEA,12:15,12:21
20210915,TTA22,SEA,13:35,13:36,SFO,15:45,15:51
20210915,TTA34,SEA,14:15,14:21,PDX,15:15,15:15
20210915,TTA35,PDX,16:15,16:09,SEA,17:15,17:22
20210915,TTA23,SFO,17:35,17:42,SEA,19:45,19:52
20210915,TTA36,SEA,18:15,18:33,PDX,19:15,19:15
20210915,TTA37,PDX,20:15,20:19,SEA,21:15,21:19
20210916,TTA10,SEA,06:10,06:20,LAX,08:55,09:05
20210916,TTA30,SEA,06:15,06:24,PDX,07:15,07:16
20210916,TTA20,SEA,06:30,06:30,SFO,08:40,08:35
20210916,TTA31,PDX,08:15,08:10,SEA,09:15,09:21
20210916,TTA11,LAX,09:50,09:51,SEA,12:35,12:32
20210916,TTA21,SFO,10:05,10:11,SEA,12:15,12:10
20210916,TTA32,SEA,10:15,10:12,PDX,11:15,11:55
20210916,TTA33,PDX,12:15,12:17,SEA,13:15,13:24
20210916,TTA22,SEA,13:35,13:33,SFO,15:45,15:52
20210916,TTA12,SEA,14:05,14:47,LAX,16:50,16:55
20210916,TTA13,LAX,18:05,18:14,SEA,20:50,20:50
20210916,TTA36,SEA,18:15,18:19,PDX,19:15,19:10
20210916,TTA23,SFO,17:35,19:10,SEA,19:45,19:48
20210916,TTA37,PDX,20:15,21:51,SEA,21:15,21:12
20210917,TTA10,SEA,06:10,06:08,LAX,08:55,08:56
20210917,TTA20,SEA,06:30,06:38,SFO,08:40,08:46
20210917,TTA30,SEA,06:15,07:51,PDX,07:15,07:33
20210917,TTA31,PDX,08:15,08:21,SEA,09:15,09:18
20210917,TTA11,LAX,09:50,10:01,SEA,12:35,12:36
20210917,TTA21,SFO,10:05,10:11,SEA,12:15,12:29
20210917,TTA34,SEA,14:15,14:20,PDX,15:15,15:56
20210917,TTA35,PDX,16:15,16:16,SEA,17:15,17:19
20210917,TTA36,SEA,18:15,18:17,PDX,19:15,19:23
20210917,TTA37,PDX,20:15,20:23,SEA,21:15,21:21
20210918,TTA23,SFO,17:35,,SEA,19:45,
20210918,TTA22,SEA,13:35,,SFO,15:45,
20210918,TTA10,SEA,06:10,06:07,LAX,08:55,09:14
20210918,TTA30,SEA,06:15,06:18,PDX,07:15,07:16
20210918,TTA20,SEA,06:30,06:40,SFO,08:40,08:49
20210918,TTA31,PDX,08:15,08:20,SEA,09:15,09:19
20210918,TTA11,LAX,09:50,09:54,SEA,12:35,12:44
20210918,TTA21,SFO,10:05,10:05,SEA,12:15,12:22
20210918,TTA32,SEA,10:15,10:10,PDX,11:15,11:16
20210918,TTA33,PDX,12:15,12:27,SEA,13:15,13:18
20210918,TTA12,SEA,14:05,14:05,LAX,16:50,16:50
20210918,TTA13,LAX,18:05,18:07,SEA,20:50,21:00
20210918,TTA36,SEA,18:15,18:15,PDX,19:15,19:13
20210918,TTA37,PDX,20:15,20:27,SEA,21:15,21:10
20210919,TTA37,PDX,20:15,,SEA,21:15,
20210919,TTA36,SEA,18:15,,PDX,19:15,
20210919,TTA23,SFO,17:35,,SEA,19:45,
20210919,TTA13,LAX,18:05,,SEA,20:50,
20210919,TTA22,SEA,13:35,,SFO,15:45,
20210919,TTA12,SEA,14:05,,LAX,16:50,
20210919,TTA10,SEA,06:10,06:15,LAX,08:55,08:49
20210919,TTA30,SEA,06:15,06:22,PDX,07:15,07:27
20210919,TTA20,SEA,06:30,06:40,SFO,08:40,08:48
20210919,TTA31,PDX,08:15,08:15,SEA,09:15,09:15
20210919,TTA11,LAX,09:50,09:44,SEA,12:35,12:45
20210919,TTA21,SFO,10:05,10:14,SEA,12:15,12:26
20210919,TTA32,SEA,10:15,10:16,PDX,11:15,11:21
20210919,TTA33,PDX,12:15,12:17,SEA,13:15,13:12
20210920,TTA10,SEA,06:10,06:13,LAX,08:55,09:05
20210920,TTA30,SEA,06:15,06:25,PDX,07:15,07:25
20210920,TTA20,SEA,06:30,07:10,SFO,08:40,08:38
20210920,TTA31,PDX,08:15,08:20,SEA,09:15,09:23
20210920,TTA11,LAX,09:50,10:08,SEA,12:35,12:35
20210920,TTA21,SFO,10:05,11:00,SEA,12:15,12:13
20210920,TTA34,SEA,14:15,14:35,PDX,15:15,15:19
20210920,TTA35,PDX,16:15,16:20,SEA,17:15,17:23
20210920,TTA36,SEA,18:15,18:26,PDX,19:15,19:20
20210920,TTA37,PDX,20:15,21:15,SEA,21:15,21:12
20210921,TTA10,SEA,06:10,06:10,LAX,08:55,09:12
20210921,TTA20,SEA,06:30,06:40,SFO,08:40,08:46
20210921,TTA30,SEA,06:15,07:15,PDX,07:15,07:25
20210921,TTA31,PDX,08:15,08:20,SEA,09:15,09:26
20210921,TTA11,LAX,09:50,09:51,SEA,12:35,12:35
20210921,TTA32,SEA,10:15,10:10,PDX,11:15,11:24
20210921,TTA21,SFO,10:05,10:46,SEA,12:15,12:17
20210921,TTA33,PDX,12:15,12:55,SEA,13:15,13:15
20210921,TTA22,SEA,13:35,13:41,SFO,15:45,15:40
20210921,TTA12,SEA,14:05,14:05,LAX,16:50,17:05
20210921,TTA23,SFO,17:35,17:31,SEA,19:45,19:41
20210921,TTA13,LAX,18:05,18:05,SEA,20:50,20:46
20210921,TTA36,SEA,18:15,18:31,PDX,19:15,20:10
20210921,TTA37,PDX,20:15,20:10,SEA,21:15,21:17
20210922,TTA10,SEA,06:10,06:13,LAX,08:55,09:13
20210922,TTA30,SEA,06:15,06:24,PDX,07:15,07:19
20210922,TTA20,SEA,06:30,06:27,SFO,08:40,08:41
20210922,TTA31,PDX,08:15,08:12,SEA,09:15,09:21
20210922,TTA11,LAX,09:50,09:53,SEA,12:35,12:37
20210922,TTA21,SFO,10:05,10:24,SEA,12:15,12:20
20210922,TTA22,SEA,13:35,13:42,SFO,15:45,15:45
20210922,TTA34,SEA,14:15,14:21,PDX,15:15,15:17
20210922,TTA35,PDX,16:15,16:34,SEA,17:15,17:19
20210922,TTA23,SFO,17:35,17:42,SEA,19:45,19:41
20210922,TTA36,SEA,18:15,18:57,PDX,19:15,19:19
20210922,TTA37,PDX,20:15,21:51,SEA,21:15,21:15
20210923,TTA10,SEA,06:10,06:11,LAX,08:55,09:12
20210923,TTA30,SEA,06:15,06:17,PDX,07:15,07:23
20210923,TTA20,SEA,06:30,06:40,SFO,08:40,08:39
20210923,TTA31,PDX,08:15,08:15,SEA,09:15,09:33
20210923,TTA11,LAX,09:50,09:56,SEA,12:35,12:48
20210923,TTA21,SFO,10:05,10:11,SEA,12:15,12:09
20210923,TTA32,SEA,10:15,10:19,PDX,11:15,11:19
20210923,TTA33,PDX,12:15,12:13,SEA,13:15,13:17
20210923,TTA22,SEA,13:35,13:34,SFO,15:45,15:55
20210923,TTA12,SEA,14:05,14:16,LAX,16:50,16:53
20210923,TTA23,SFO,17:35,17:46,SEA,19:45,19:54
20210923,TTA13,LAX,18:05,18:04,SEA,20:50,20:55
20210923,TTA36,SEA,18:15,18:12,PDX,19:15,19:19
20210923,TTA37,PDX,20:15,20:57,SEA,21:15,21:19
20210924,TTA10,SEA,06:10,06:19,LAX,08:55,09:55
20210924,TTA20,SEA,06:30,06:38,SFO,08:40,08:40
20210924,TTA30,SEA,06:15,07:50,PDX,07:15,07:23
20210924,TTA31,PDX,08:15,08:25,SEA,09:15,09:18
20210924,TTA11,LAX,09:50,09:55,SEA,12:35,12:39
20210924,TTA21,SFO,10:05,10:25,SEA,12:15,12:26
20210924,TTA34,SEA,14:15,14:25,PDX,15:15,15:15
20210924,TTA35,PDX,16:15,16:32,SEA,17:15,17:27
20210924,TTA36,SEA,18:15,18:18,PDX,19:15,19:18
20210924,TTA37,PDX,20:15,20:13,SEA,21:15,21:21
20210925,TTA10,SEA,06:10,06:07,LAX,08:55,08:55
20210925,TTA30,SEA,06:15,06:17,PDX,07:15,07:27
20210925,TTA20,SEA,06:30,06:35,SFO,08:40,08:42
20210925,TTA31,PDX,08:15,08:32,SEA,09:15,09:15
20210925,TTA11,LAX,09:50,09:53,SEA,12:35,12:40
20210925,TTA32,SEA,10:15,10:10,PDX,11:15,11:20
20210925,TTA21,SFO,10:05,10:15,SEA,12:15,12:17
20210925,TTA33,PDX,12:15,12:12,SEA,13:15,13:22
20210925,TTA22,SEA,13:35,13:41,SFO,15:45,15:41
20210925,TTA12,SEA,14:05,14:06,LAX,16:50,17:09
20210925,TTA23,SFO,17:35,17:44,SEA,19:45,19:45
20210925,TTA13,LAX,18:05,18:11,SEA,20:50,20:58
20210925,TTA36,SEA,18:15,18:19,PDX,19:15,19:19
20210925,TTA37,PDX,20:15,20:19,SEA,21:15,21:15
20210926,TTA10,SEA,06:10,06:06,LAX,08:55,09:01
20210926,TTA20,SEA,06:30,06:32,SFO,08:40,10:16
20210926,TTA30,SEA,06:15,06:57,PDX,07:15,07:23
20210926,TTA31,PDX,08:15,08:17,SEA,09:15,09:23
20210926,TTA11,LAX,09:50,09:59,SEA,12:35,12:34
20210926,TTA21,SFO,10:05,10:09,SEA,12:15,12:57
20210926,TTA32,SEA,10:15,10:18,PDX,11:15,11:23
20210926,TTA33,PDX,12:15,12:16,SEA,13:15,13:10
20210926,TTA22,SEA,13:35,13:31,SFO,15:45,15:41
20210926,TTA12,SEA,14:05,14:06,LAX,16:50,16:47
20210926,TTA23,SFO,17:35,17:37,SEA,19:45,19:55
20210926,TTA13,LAX,18:05,18:00,SEA,20:50,20:55
20210926,TTA36,SEA,18:15,18:25,PDX,19:15,19:22
20210926,TTA37,PDX,20:15,20:12,SEA,21:15,21:30
20210927,TTA30,SEA,06:15,06:16,PDX,07:15,07:19
20210927,TTA20,SEA,06:30,06:38,SFO,08:40,08:38
20210927,TTA10,SEA,06:10,07:46,LAX,08:55,08:55
20210927,TTA31,PDX,08:15,09:15,SEA,09:15,09:21
20210927,TTA11,LAX,09:50,10:00,SEA,12:35,12:39
20210927,TTA21,SFO,10:05,10:17,SEA,12:15,12:23
20210927,TTA34,SEA,14:15,14:18,PDX,15:15,15:25
20210927,TTA35,PDX,16:15,16:18,SEA,17:15,17:24
20210927,TTA36,SEA,18:15,19:51,PDX,19:15,19:19
20210927,TTA37,PDX,20:15,20:21,SEA,21:15,21:16
20210928,TTA10,SEA,06:10,06:18,LAX,08:55,09:03
20210928,TTA20,SEA,06:30,06:32,SFO,08:40,08:43
20210928,TTA30,SEA,06:15,06:34,PDX,07:15,07:13
20210928,TTA31,PDX,08:15,08:12,SEA,09:15,09:15
20210928,TTA11,LAX,09:50,09:50,SEA,12:35,12:44
20210928,TTA21,SFO,10:05,10:13,SEA,12:15,12:18
20210928,TTA32,SEA,10:15,10:15,PDX,11:15,11:11
20210928,TTA33,PDX,12:15,12:19,SEA,13:15,13:22
20210928,TTA22,SEA,13:35,13:44,SFO,15:45,16:27
20210928,TTA12,SEA,14:05,14:09,LAX,16:50,16:57
20210928,TTA23,SFO,17:35,17:29,SEA,19:45,19:48
20210928,TTA13,LAX,18:05,18:13,SEA,20:50,22:25
20210928,TTA36,SEA,18:15,18:16,PDX,19:15,19:13
20210928,TTA37,PDX,20:15,20:17,SEA,21:15,21:16
20210929,TTA37,PDX,20:15,,SEA,21:15,
20210929,TTA36,SEA,18:15,,PDX,19:15,
20210929,TTA10,SEA,06:10,06:06,LAX,08:55,09:02
20210929,TTA30,SEA,06:15,06:13,PDX,07:15,07:25
20210929,TTA20,SEA,06:30,06:30,SFO,08:40,08:52
20210929,TTA31,PDX,08:15,08:15,SEA,09:15,09:14
20210929,TTA11,LAX,09:50,10:02,SEA,12:35,12:36
20210929,TTA21,SFO,10:05,10:05,SEA,12:15,12:25
20210929,TTA22,SEA,13:35,13:54,SFO,15:45,16:00
20210929,TTA34,SEA,14:15,14:12,PDX,15:15,15:20
20210929,TTA35,PDX,16:15,16:29,SEA,17:15,17:09
20210929,TTA23,SFO,17:35,17:29,SEA,19:45,19:43
20210930,TTA10,SEA,06:10,06:17,LAX,08:55,08:56
20210930,TTA30,SEA,06:15,06:18,PDX,07:15,07:20
20210930,TTA20,SEA,06:30,06:30,SFO,08:40,08:48
20210930,TTA31,PDX,08:15,08:12,SEA,09:15,10:51
20210930,TTA11,LAX,09:50,09:50,SEA,12:35,12:30
20210930,TTA21,SFO,10:05,10:11,SEA,12:15,12:24
20210930,TTA32,SEA,10:15,10:15,PDX,11:15,11:12
20210930,TTA33,PDX,12:15,12:27,SEA,13:15,13:28
20210930,TTA22,SEA,13:35,13:41,SFO,15:45,15:56
20210930,TTA12,SEA,14:05,15:41,LAX,16:50,16:52
20210930,TTA23,SFO,17:35,17:34,SEA,19:45,19:43
20210930,TTA13,LAX,18:05,18:14,SEA,20:50,20:46
20210930,TTA36,SEA,18:15,18:25,PDX,19:15,19:23
20210930,TTA37,PDX,20:15,20:32,SEA,21:15,21:22
20211001,TTA11,LAX,09:50,,SEA,12:35,
20211001,TTA10,SEA,06:10,,LAX,08:55,
20211001,TTA30,SEA,06:15,06:21,PDX,07:15,07:11
20211001,TTA20,SEA,06:30,06:33,SFO,08:40,08:40
20211001,TTA31,PDX,08:15,08:55,SEA,09:15,09:13
20211001,TTA21,SFO,10:05,10:15,SEA,12:15,12:25
20211001,TTA34,SEA,14:15,14:12,PDX,15:15,15:17
20211001,TTA35,PDX,16:15,16:21,SEA,17:15,17:27
20211001,TTA36,SEA,18:15,18:16,PDX,19:15,19:11
20211001,TTA37,PDX,20:15,20:17,SEA,21:15,21:14
20211002,TTA10,SEA,06:10,,LAX,08:55,
20211002,TTA11,LAX,09:50,,SEA,12:35,
20211002,TTA30,SEA,06:15,06:13,PDX,07:15,07:17
20211002,TTA20,SEA,06:30,06:41,SFO,08:40,08:57
20211002,TTA31,PDX,08:15,08:13,SEA,09:15,09:17
20211002,TTA21,SFO,10:05,10:00,SEA,12:15,12:22
20211002,TTA32,SEA,10:15,10:34,PDX,11:15,11:19
20211002,TTA33,PDX,12:15,12:24,SEA,13:15,13:26
20211002,TTA22,SEA,13:35,13:42,SFO,15:45,15:55
20211002,TTA12,SEA,14:05,14:13,LAX,16:50,16:50
20211002,TTA23,SFO,17:35,17:45,SEA,19:45,19:47
20211002,TTA13,LAX,18:05,18:12,SEA,20:50,20:55
20211002,TTA36,SEA,18:15,18:15,PDX,19:15,19:20
20211002,TTA37,PDX,20:15,20:25,SEA,21:15,21:27
20211003,TTA11,LAX,09:50,,SEA,12:35,
20211003,TTA10,SEA,06:10,,LAX,08:55,
20211003,TTA30,SEA,06:15,06:21,PDX,07:15,07:22
20211003,TTA20,SEA,06:30,06:31,SFO,08:40,08:48
20211003,TTA31,PDX,08:15,08:23,SEA,09:15,09:24
20211003,TTA21,SFO,10:05,10:15,SEA,12:15,12:14
20211003,TTA32,SEA,10:15,10:22,PDX,11:15,11:34
20211003,TTA33,PDX,12:15,12:13,SEA,13:15,13:14
20211003,TTA22,SEA,13:35,13:40,SFO,15:45,15:43
20211003,TTA12,SEA,14:05,14:12,LAX,16:50,16:56
20211003,TTA23,SFO,17:35,17:36,SEA,19:45,19:45
20211003,TTA13,LAX,18:05,18:07,SEA,20:50,20:56
20211003,TTA36,SEA,18:15,18:17,PDX,19:15,19:29
20211003,TTA37,PDX,20:15,20:16,SEA,21:15,21:17
20211004,TTA10,SEA,06:10,06:16,LAX,08:55,09:03
20211004,TTA20,SEA,06:30,06:27,SFO,08:40,08:46
20211004,TTA30,SEA,06:15,06:32,PDX,07:15,07:21
20211004,TTA31,PDX,08:15,08:21,SEA,09:15,09:25
20211004,TTA11,LAX,09:50,09:53,SEA,12:35,12:39
20211004,TTA21,SFO,10:05,10:11,SEA,12:15,12:25
20211004,TTA34,SEA,14:15,14:22,PDX,15:15,15:35
20211004,TTA35,PDX,16:15,16:21,SEA,17:15,17:25
20211004,TTA36,SEA,18:15,18:20,PDX,19:15,19:23
20211004,TTA37,PDX,20:15,21:51,SEA,21:15,21:22
20211005,TTA10,SEA,06:10,06:10,LAX,08:55,09:02
20211005,TTA30,SEA,06:15,06:16,PDX,07:15,07:20
20211005,TTA20,SEA,06:30,06:47,SFO,08:40,08:51
20211005,TTA31,PDX,08:15,08:15,SEA,09:15,09:12
20211005,TTA11,LAX,09:50,09:54,SEA,12:35,12:34
20211005,TTA21,SFO,10:05,10:06,SEA,12:15,12:30
20211005,TTA32,SEA,10:15,10:11,PDX,11:15,11:18
20211005,TTA33,PDX,12:15,13:15,SEA,13:15,13:15
20211005,TTA22,SEA,13:35,13:32,SFO,15:45,15:41
20211005,TTA12,SEA,14:05,14:11,LAX,16:50,16:53
20211005,TTA23,SFO,17:35,17:36,SEA,19:45,19:42
20211005,TTA13,LAX,18:05,18:10,SEA,20:50,20:50
20211005,TTA36,SEA,18:15,18:21,PDX,19:15,19:24
20211005,TTA37,PDX,20:15,20:25,SEA,21:15,21:16
20211006,TTA10,SEA,06:10,06:11,LAX,08:55,08:55
20211006,TTA30,SEA,06:15,06:28,PDX,07:15,07:19
20211006,TTA20,SEA,06:30,06:30,SFO,08:40,08:49
20211006,TTA31,PDX,08:15,08:17,SEA,09:15,09:24
20211006,TTA11,LAX,09:50,09:47,SEA,12:35,12:33
20211006,TTA21,SFO,10:05,10:05,SEA,12:15,12:13
20211006,TTA34,SEA,14:15,14:23,PDX,15:15,15:17
20211006,TTA22,SEA,13:35,15:10,SFO,15:45,15:42
20211006,TTA35,PDX,16:15,16:15,SEA,17:15,17:20
20211006,TTA23,SFO,17:35,17:44,SEA,19:45,19:53
20211006,TTA36,SEA,18:15,18:15,PDX,19:15,19:11
20211006,TTA37,PDX,20:15,20:22,SEA,21:15,21:27
20211007,TTA10,SEA,06:10,06:20,LAX,08:55,09:03
20211007,TTA20,SEA,06:30,06:37,SFO,08:40,08:45
20211007,TTA30,SEA,06:15,06:56,PDX,07:15,07:17
20211007,TTA31,PDX,08:15,08:24,SEA,09:15,09:09
20211007,TTA21,SFO,10:05,10:07,SEA,12:15,12:18
20211007,TTA11,LAX,09:50,10:08,SEA,12:35,12:37
20211007,TTA32,SEA,10:15,10:20,PDX,11:15,11:16
20211007,TTA33,PDX,12:15,12:18,SEA,13:15,13:17
20211007,TTA22,SEA,13:35,13:32,SFO,15:45,15:55
20211007,TTA12,SEA,14:05,14:12,LAX,16:50,17:50
20211007,TTA13,LAX,18:05,18:10,SEA,20:50,20:59
20211007,TTA23,SFO,17:35,18:17,SEA,19:45,20:05
20211007,TTA36,SEA,18:15,18:20,PDX,19:15,19:24
20211007,TTA37,PDX,20:15,20:23,SEA,21:15,21:17
20211008,TTA30,SEA,06:15,06:19,PDX,07:15,07:13
20211008,TTA10,SEA,06:10,06:22,LAX,08:55,08:48
20211008,TTA20,SEA,06:30,06:30,SFO,08:40,08:51
20211008,TTA31,PDX,08:15,08:15,SEA,09:15,09:10
20211008,TTA11,LAX,09:50,09:50,SEA,12:35,12:35
20211008,TTA21,SFO,10:05,10:10,SEA,12:15,13:51
20211008,TTA34,SEA,14:15,14:19,PDX,15:15,15:21
20211008,TTA35,PDX,16:15,16:12,SEA,17:15,17:09
20211008,TTA36,SEA,18:15,18:16,PDX,19:15,19:13
20211008,TTA37,PDX,20:15,21:50,SEA,21:15,21:30
20211009,TTA30,SEA,06:15,06:13,PDX,07:15,07:21
20211009,TTA10,SEA,06:10,06:19,LAX,08:55,08:55
20211009,TTA20,SEA,06:30,06:26,SFO,08:40,08:48
20211009,TTA31,PDX,08:15,08:24,SEA,09:15,09:24
20211009,TTA11,LAX,09:50,09:51,SEA,12:35,12:39
20211009,TTA32,SEA,10:15,10:15,PDX,11:15,11:31
20211009,TTA21,SFO,10:05,10:25,SEA,12:15,13:50
20211009,TTA33,PDX,12:15,12:16,SEA,13:15,13:20
20211009,TTA12,SEA,14:05,14:05,LAX,16:50,16:50
20211009,TTA22,SEA,13:35,14:17,SFO,15:45,15:55
20211009,TTA23,SFO,17:35,17:42,SEA,19:45,19:53
20211009,TTA13,LAX,18:05,18:01,SEA,20:50,21:04
20211009,TTA36,SEA,18:15,18:21,PDX,19:15,19:28
20211009,TTA37,PDX,20:15,20:11,SEA,21:15,21:23
20211010,TTA37,PDX,20:15,,SEA,21:15,
20211010,TTA36,SEA,18:15,,PDX,19:15,
20211010,TTA33,PDX,12:15,,SEA,13:15,
20211010,TTA32,SEA,10:15,,PDX,11:15,
20211010,TTA30,SEA,06:15,06:21,PDX,07:15,07:20
20211010,TTA20,SEA,06:30,06:30,SFO,08:40,08:48
20211010,TTA10,SEA,06:10,06:51,LAX,08:55,09:12
20211010,TTA31,PDX,08:15,08:20,SEA,09:15,09:19
20211010,TTA11,LAX,09:50,09:55,SEA,12:35,12:31
20211010,TTA21,SFO,10:05,10:15,SEA,12:15,12:26
20211010,TTA12,SEA,14:05,14:14,LAX,16:50,16:58
20211010,TTA22,SEA,13:35,14:16,SFO,15:45,15:39
20211010,TTA23,SFO,17:35,17:39,SEA,19:45,19:45
20211010,TTA13,LAX,18:05,18:07,SEA,20:50,20:47
20211011,TTA21,SFO,10:05,,SEA,12:15,
20211011,TTA20,SEA,06:30,,SFO,08:40,
20211011,TTA10,SEA,06:10,06:06,LAX,08:55,08:55
20211011,TTA30,SEA,06:15,06:17,PDX,07:15,07:22
20211011,TTA31,PDX,08:15,08:12,SEA,09:15,09:14
20211011,TTA11,LAX,09:50,09:50,SEA,12:35,12:36
20211011,TTA34,SEA,14:15,14:21,PDX,15:15,15:15
20211011,TTA35,PDX,16:15,16:08,SEA,17:15,17:16
20211011,TTA36,SEA,18:15,18:15,PDX,19:15,20:51
20211011,TTA37,PDX,20:15,20:21,SEA,21:15,21:11
20211012,TTA30,SEA,06:15,06:13,PDX,07:15,07:18
20211012,TTA10,SEA,06:10,06:17,LAX,08:55,08:50
20211012,TTA20,SEA,06:30,06:37,SFO,08:40,08:41
20211012,TTA31,PDX,08:15,08:33,SEA,09:15,09:24
20211012,TTA11,LAX,09:50,09:53,SEA,12:35,12:31
20211012,TTA32,SEA,10:15,10:23,PDX,11:15,11:10
20211012,TTA21,SFO,10:05,10:45,SEA,12:15,12:19
20211012,TTA33,PDX,12:15,12:56,SEA,13:15,13:25
20211012,TTA22,SEA,13:35,13:45,SFO,15:45,15:50
20211012,TTA12,SEA,14:05,14:12,LAX,16:50,16:56
20211012,TTA23,SFO,17:35,17:41,SEA,19:45,19:41
20211012,TTA13,LAX,18:05,18:06,SEA,20:50,20:56
20211012,TTA36,SEA,18:15,18:16,PDX,19:15,19:26
20211012,TTA37,PDX,20:15,20:12,SEA,21:15,21:15
20211013,TTA30,SEA,06:15,06:19,PDX,07:15,07:16
20211013,TTA10,SEA,06:10,06:19,LAX,08:55,10:31
20211013,TTA20,SEA,06:30,06:31,SFO,08:40,08:43
20211013,TTA31,PDX,08:15,08:25,SEA,09:15,09:14
20211013,TTA11,LAX,09:50,09:58,SEA,12:35,12:49
20211013,TTA21,SFO,10:05,10:07,SEA,12:15,12:15
20211013,TTA22,SEA,13:35,13:43,SFO,15:45,16:00
20211013,TTA34,SEA,14:15,14:09,PDX,15:15,15:14
20211013,TTA35,PDX,16:15,16:22,SEA,17:15,17:18
20211013,TTA23,SFO,17:35,17:32,SEA,19:45,19:45
20211013,TTA36,SEA,18:15,18:24,PDX,19:15,19:14
20211013,TTA37,PDX,20:15,20:16,SEA,21:15,21:18
20211014,TTA30,SEA,06:15,06:20,PDX,07:15,07:15
20211014,TTA10,SEA,06:10,06:24,LAX,08:55,09:07
20211014,TTA20,SEA,06:30,06:40,SFO,08:40,08:57
20211014,TTA31,PDX,08:15,08:12,SEA,09:15,09:17
20211014,TTA11,LAX,09:50,09:52,SEA,12:35,12:38
20211014,TTA21,SFO,10:05,10:05,SEA,12:15,12:18
20211014,TTA32,SEA,10:15,10:25,PDX,11:15,11:55
20211014,TTA33,PDX,12:15,12:15,SEA,13:15,13:24
20211014,TTA22,SEA,13:35,13:40,SFO,15:45,15:52
20211014,TTA12,SEA,14:05,14:05,LAX,16:50,16:46
20211014,TTA23,SFO,17:35,17:37,SEA,19:45,19:45
20211014,TTA13,LAX,18:05,18:06,SEA,20:50,20:58
20211014,TTA36,SEA,18:15,18:15,PDX,19:15,19:18
20211014,TTA37,PDX,20:15,20:29,SEA,21:15,21:17
20211015,TTA10,SEA,06:10,06:09,LAX,08:55,08:50
20211015,TTA30,SEA,06:15,06:15,PDX,07:15,07:31
20211015,TTA20,SEA,06:30,06:37,SFO,08:40,08:50
20211015,TTA31,PDX,08:15,08:32,SEA,09:15,09:15
20211015,TTA11,LAX,09:50,09:46,SEA,12:35,12:31
20211015,TTA21,SFO,10:05,10:03,SEA,12:15,12:11
20211015,TTA34,SEA,14:15,14:08,PDX,15:15,15:30
20211015,TTA35,PDX,16:15,16:20,SEA,17:15,17:12
20211015,TTA36,SEA,18:15,18:21,PDX,19:15,19:27
20211015,TTA37,PDX,20:15,20:24,SEA,21:15,21:24
20211016,TTA10,SEA,06:10,06:20,LAX,08:55,08:58
20211016,TTA30,SEA,06:15,06:21,PDX,07:15,07:12
20211016,TTA20,SEA,06:30,06:44,SFO,08:40,08:41
20211016,TTA31,PDX,08:15,09:51,SEA,09:15,09:11
20211016,TTA11,LAX,09:50,10:05,SEA,12:35,12:43
20211016,TTA21,SFO,10:05,10:15,SEA,12:15,12:18
20211016,TTA32,SEA,10:15,10:25,PDX,11:15,11:18
20211016,TTA33,PDX,12:15,12:18,SEA,13:15,13:18
20211016,TTA22,SEA,13:35,13:35,SFO,15:45,15:44
20211016,TTA12,SEA,14:05,14:02,LAX,16:50,16:54
20211016,TTA23,SFO,17:35,17:28,SEA,19:45,19:45
20211016,TTA13,LAX,18:05,18:08,SEA,20:50,20:50
20211016,TTA36,SEA,18:15,18:15,PDX,19:15,19:15
20211016,TTA37,PDX,20:15,20:15,SEA,21:15,21:57
20211017,TTA10,SEA,06:10,06:19,LAX,08:55,09:05
20211017,TTA30,SEA,06:15,06:33,PDX,07:15,07:17
20211017,TTA20,SEA,06:30,06:37,SFO,08:40,08:41
20211017,TTA31,PDX,08:15,08:24,SEA,09:15,09:20
20211017,TTA11,LAX,09:50,09:59,SEA,12:35,12:34
20211017,TTA21,SFO,10:05,10:11,SEA,12:15,12:22
20211017,TTA32,SEA,10:15,10:14,PDX,11:15,11:22
20211017,TTA33,PDX,12:15,12:20,SEA,13:15,13:22
20211017,TTA22,SEA,13:35,13:37,SFO,15:45,15:57
20211017,TTA12,SEA,14:05,14:00,LAX,16:50,16:50
20211017,TTA23,SFO,17:35,17:30,SEA,19:45,21:20
20211017,TTA13,LAX,18:05,18:05,SEA,20:50,20:55
20211017,TTA36,SEA,18:15,18:56,PDX,19:15,19:13
20211017,TTA37,PDX,20:15,20:19,SEA,21:15,21:16
20211018,TTA10,SEA,06:10,06:13,LAX,08:55,09:03
20211018,TTA30,SEA,06:15,06:25,PDX,07:15,07:13
20211018,TTA20,SEA,06:30,06:32,SFO,08:40,08:47
20211018,TTA31,PDX,08:15,08:25,SEA,09:15,10:15
20211018,TTA11,LAX,09:50,09:53,SEA,12:35,12:51
20211018,TTA21,SFO,10:05,10:01,SEA,12:15,12:10
20211018,TTA34,SEA,14:15,14:33,PDX,15:15,15:17
20211018,TTA35,PDX,16:15,16:16,SEA,17:15,17:13
20211018,TTA36,SEA,18:15,18:18,PDX,19:15,19:20
20211018,TTA37,PDX,20:15,20:15,SEA,21:15,21:18
20211019,TTA10,SEA,06:10,06:05,LAX,08:55,09:02
20211019,TTA30,SEA,06:15,06:34,PDX,07:15,07:10
20211019,TTA20,SEA,06:30,06:37,SFO,08:40,08:45
20211019,TTA31,PDX,08:15,08:08,SEA,09:15,09:31
20211019,TTA21,SFO,10:05,10:07,SEA,12:15,12:10
20211019,TTA32,SEA,10:15,10:15,PDX,11:15,11:21
20211019,TTA11,LAX,09:50,11:26,SEA,12:35,12:39
20211019,TTA33,PDX,12:15,12:15,SEA,13:15,13:17
20211019,TTA22,SEA,13:35,13:38,SFO,15:45,15:50
20211019,TTA12,SEA,14:05,14:09,LAX,16:50,17:00
20211019,TTA23,SFO,17:35,17:45,SEA,19:45,19:44
20211019,TTA13,LAX,18:05,18:05,SEA,20:50,20:59
20211019,TTA36,SEA,18:15,18:24,PDX,19:15,19:23
20211019,TTA37,PDX,20:15,20:18,SEA,21:15,21:21
20211020,TTA10,SEA,06:10,06:10,LAX,08:55,09:02
20211020,TTA30,SEA,06:15,06:15,PDX,07:15,07:20
20211020,TTA20,SEA,06:30,06:38,SFO,08:40,08:48
20211020,TTA31,PDX,08:15,08:11,SEA,09:15,09:17
20211020,TTA21,SFO,10:05,09:58,SEA,12:15,12:23
20211020,TTA11,LAX,09:50,10:09,SEA,12:35,12:38
20211020,TTA22,SEA,13:35,13:40,SFO,15:45,15:52
20211020,TTA34,SEA,14:15,14:11,PDX,15:15,15:12
20211020,TTA35,PDX,16:15,16:15,SEA,17:15,17:19
20211020,TTA23,SFO,17:35,17:28,SEA,19:45,20:05
20211020,TTA36,SEA,18:15,18:14,PDX,19:15,19:15
20211020,TTA37,PDX,20:15,20:32,SEA,21:15,21:18
20211021,TTA30,SEA,06:15,06:17,PDX,07:15,07:18
20211021,TTA10,SEA,06:10,06:25,LAX,08:55,10:30
20211021,TTA20,SEA,06:30,06:47,SFO,08:40,08:50
20211021,TTA31,PDX,08:15,08:20,SEA,09:15,09:18
20211021,TTA11,LAX,09:50,09:54,SEA,12:35,12:32
20211021,TTA21,SFO,10:05,10:10,SEA,12:15,12:20
20211021,TTA32,SEA,10:15,10:22,PDX,11:15,11:22
20211021,TTA33,PDX,12:15,12:57,SEA,13:15,13:23
20211021,TTA22,SEA,13:35,13:42,SFO,15:45,15:49
20211021,TTA12,SEA,14:05,14:14,LAX,16:50,16:46
20211021,TTA23,SFO,17:35,17:40,SEA,19:45,19:51
20211021,TTA13,LAX,18:05,18:02,SEA,20:50,20:48
20211021,TTA36,SEA,18:15,18:55,PDX,19:15,19:23
20211021,TTA37,PDX,20:15,20:10,SEA,21:15,21:09
20211022,TTA10,SEA,06:10,06:06,LAX,08:55,09:10
20211022,TTA30,SEA,06:15,06:19,PDX,07:15,07:20
20211022,TTA20,SEA,06:30,06:34,SFO,08:40,08:44
20211022,TTA31,PDX,08:15,08:15,SEA,09:15,09:15
20211022,TTA11,LAX,09:50,10:10,SEA,12:35,12:37
20211022,TTA21,SFO,10:05,10:20,SEA,12:15,12:26
20211022,TTA34,SEA,14:15,14:22,PDX,15:15,15:19
20211022,TTA35,PDX,16:15,16:10,SEA,17:15,17:23
20211022,TTA36,SEA,18:15,18:15,PDX,19:15,19:13
20211022,TTA37,PDX,20:15,20:10,SEA,21:15,21:19
20211023,TTA10,SEA,06:10,06:15,LAX,08:55,09:00
20211023,TTA30,SEA,06:15,06:18,PDX,07:15,07:19
20211023,TTA20,SEA,06:30,06:30,SFO,08:40,08:40
20211023,TTA31,PDX,08:15,08:23,SEA,09:15,10:10
20211023,TTA11,LAX,09:50,10:04,SEA,12:35,12:37
20211023,TTA32,SEA,10:15,10:11,PDX,11:15,11:15
20211023,TTA21,SFO,10:05,10:17,SEA,12:15,12:56
20211023,TTA33,PDX,12:15,12:15,SEA,13:15,13:11
20211023,TTA22,SEA,13:35,13:38,SFO,15:45,15:38
20211023,TTA12,SEA,14:05,14:00,LAX,16:50,16:53
20211023,TTA23,SFO,17:35,17:35,SEA,19:45,21:21
20211023,TTA13,LAX,18:05,18:05,SEA,20:50,20:48
20211023,TTA36,SEA,18:15,19:10,PDX,19:15,19:14
20211023,TTA37,PDX,20:15,20:10,SEA,21:15,21:25
20211024,TTA10,SEA,06:10,06:07,LAX,08:55,09:05
20211024,TTA30,SEA,06:15,06:17,PDX,07:15,07:12
20211024,TTA20,SEA,06:30,06:26,SFO,08:40,08:46
20211024,TTA31,PDX,08:15,08:21,SEA,09:15,09:15
20211024,TTA11,LAX,09:50,09:48,SEA,12:35,12:46
20211024,TTA21,SFO,10:05,10:02,SEA,12:15,12:10
20211024,TTA32,SEA,10:15,10:16,PDX,11:15,11:14
20211024,TTA33,PDX,12:15,12:30,SEA,13:15,13:15
20211024,TTA22,SEA,13:35,13:31,SFO,15:45,16:25
20211024,TTA12,SEA,14:05,14:10,LAX,16:50,16:48
20211024,TTA23,SFO,17:35,17:46,SEA,19:45,19:48
20211024,TTA13,LAX,18:05,18:10,SEA,20:50,21:02
20211024,TTA36,SEA,18:15,18:22,PDX,19:15,19:23
20211024,TTA37,PDX,20:15,20:13,SEA,21:15,21:35
20211025,TTA30,SEA,06:15,06:20,PDX,07:15,07:25
20211025,TTA10,SEA,06:10,06:25,LAX,08:55,08:50
20211025,TTA20,SEA,06:30,06:39,SFO,08:40,08:52
20211025,TTA31,PDX,08:15,08:29,SEA,09:15,09:18
20211025,TTA11,LAX,09:50,09:54,SEA,12:35,12:47
20211025,TTA21,SFO,10:05,10:08,SEA,12:15,12:15
20211025,TTA34,SEA,14:15,14:22,PDX,15:15,15:24
20211025,TTA35,PDX,16:15,16:14,SEA,17:15,17:27
20211025,TTA36,SEA,18:15,18:15,PDX,19:15,19:11
20211025,TTA37,PDX,20:15,20:18,SEA,21:15,22:50
20211026,TTA30,SEA,06:15,06:15,PDX,07:15,07:21
20211026,TTA10,SEA,06:10,06:20,LAX,08:55,09:02
20211026,TTA20,SEA,06:30,06:23,SFO,08:40,08:47
20211026,TTA31,PDX,08:15,08:15,SEA,09:15,09:17
20211026,TTA11,LAX,09:50,09:45,SEA,12:35,12:36
20211026,TTA21,SFO,10:05,10:05,SEA,12:15,13:10
20211026,TTA32,SEA,10:15,10:22,PDX,11:15,11:24
20211026,TTA33,PDX,12:15,12:23,SEA,13:15,13:13
20211026,TTA22,SEA,13:35,13:43,SFO,15:45,16:45
20211026,TTA12,SEA,14:05,14:17,LAX,16:50,17:01
20211026,TTA23,SFO,17:35,17:34,SEA,19:45,19:53
20211026,TTA13,LAX,18:05,18:01,SEA,20:50,20:46
20211026,TTA36,SEA,18:15,18:17,PDX,19:15,19:17
20211026,TTA37,PDX,20:15,20:11,SEA,21:15,21:14
20211027,TTA10,SEA,06:10,06:11,LAX,08:55,08:55
20211027,TTA30,SEA,06:15,06:19,PDX,07:15,07:10
20211027,TTA20,SEA,06:30,07:11,SFO,08:40,08:52
20211027,TTA31,PDX,08:15,08:14,SEA,09:15,09:23
20211027,TTA11,LAX,09:50,09:59,SEA,12:35,12:50
20211027,TTA21,SFO,10:05,10:13,SEA,12:15,12:15
20211027,TTA22,SEA,13:35,13:39,SFO,15:45,15:41
20211027,TTA34,SEA,14:15,14:17,PDX,15:15,15:16
20211027,TTA35,PDX,16:15,16:35,SEA,17:15,17:15
20211027,TTA23,SFO,17:35,17:43,SEA,19:45,19:47
20211027,TTA36,SEA,18:15,18:13,PDX,19:15,19:15
20211027,TTA37,PDX,20:15,20:17,SEA,21:15,21:17
20211028,TTA10,SEA,06:10,06:06,LAX,08:55,08:55
20211028,TTA30,SEA,06:15,06:21,PDX,07:15,07:10
20211028,TTA20,SEA,06:30,06:37,SFO,08:40,08:47
20211028,TTA31,PDX,08:15,08:16,SEA,09:15,09:14
20211028,TTA11,LAX,09:50,09:58,SEA,12:35,12:36
20211028,TTA21,SFO,10:05,10:14,SEA,12:15,12:15
20211028,TTA32,SEA,10:15,10:24,PDX,11:15,11:24
20211028,TTA33,PDX,12:15,12:23,SEA,13:15,13:15
20211028,TTA22,SEA,13:35,13:45,SFO,15:45,15:41
20211028,TTA12,SEA,14:05,14:22,LAX,16:50,16:48
20211028,TTA23,SFO,17:35,17:36,SEA,19:45,19:45
20211028,TTA13,LAX,18:05,18:10,SEA,20:50,20:50
20211028,TTA36,SEA,18:15,18:12,PDX,19:15,19:16
20211028,TTA37,PDX,20:15,20:24,SEA,21:15,21:14
20211029,TTA10,SEA,06:10,06:22,LAX,08:55,09:05
20211029,TTA30,SEA,06:15,06:23,PDX,07:15,07:21
20211029,TTA20,SEA,06:30,06:26,SFO,08:40,08:46
20211029,TTA31,PDX,08:15,08:23,SEA,09:15,09:14
20211029,TTA11,LAX,09:50,10:09,SEA,12:35,12:45
20211029,TTA21,SFO,10:05,10:11,SEA,12:15,12:22
20211029,TTA34,SEA,14:15,14:56,PDX,15:15,15:22
20211029,TTA35,PDX,16:15,16:16,SEA,17:15,17:22
20211029,TTA36,SEA,18:15,18:32,PDX,19:15,19:11
20211029,TTA37,PDX,20:15,20:24,SEA,21:15,21:21
20211030,TTA10,SEA,06:10,06:13,LAX,08:55,09:11
20211030,TTA30,SEA,06:15,06:29,PDX,07:15,07:19
20211030,TTA20,SEA,06:30,06:32,SFO,08:40,08:33
20211030,TTA31,PDX,08:15,08:21,SEA,09:15,09:20
20211030,TTA11,LAX,09:50,09:49,SEA,12:35,12:30
20211030,TTA21,SFO,10:05,10:06,SEA,12:15,12:15
20211030,TTA32,SEA,10:15,10:13,PDX,11:15,11:16
20211030,TTA33,PDX,12:15,12:17,SEA,13:15,13:22
20211030,TTA22,SEA,13:35,13:39,SFO,15:45,15:53
20211030,TTA12,SEA,14:05,14:46,LAX,16:50,17:50
20211030,TTA13,LAX,18:05,18:14,SEA,20:50,20:48
20211030,TTA36,SEA,18:15,18:15,PDX,19:15,19:24
20211030,TTA23,SFO,17:35,19:10,SEA,19:45,19:56
20211030,TTA37,PDX,20:15,20:16,SEA,21:15,21:23
20211031,TTA10,SEA,06:10,06:10,LAX,08:55,08:53
20211031,TTA30,SEA,06:15,06:22,PDX,07:15,07:17
20211031,TTA20,SEA,06:30,06:50,SFO,08:40,08:48
20211031,TTA31,PDX,08:15,08:57,SEA,09:15,09:17
20211031,TTA11,LAX,09:50,09:54,SEA,12:35,12:45
20211031,TTA21,SFO,10:05,10:08,SEA,12:15,12:18
20211031,TTA32,SEA,10:15,10:23,PDX,11:15,11:11
20211031,TTA33,PDX,12:15,12:14,SEA,13:15,13:56
20211031,TTA22,SEA,13:35,13:37,SFO,15:45,15:54
20211031,TTA12,SEA,14:05,14:03,LAX,16:50,16:52
20211031,TTA23,SFO,17:35,17:52,SEA,19:45,19:41
20211031,TTA36,SEA,18:15,18:15,PDX,19:15,19:25
20211031,TTA13,LAX,18:05,18:15,SEA,20:50,20:57
20211031,TTA37,PDX,20:15,20:18,SEA,21:15,21:18
20211101,TTA30,SEA,06:15,06:14,PDX,07:15,07:10
20211101,TTA10,SEA,06:10,06:21,LAX,08:55,09:09
20211101,TTA20,SEA,06:30,06:32,SFO,08:40,08:43
20211101,TTA31,PDX,08:15,08:23,SEA,09:15,09:24
20211101,TTA32,SEA,10:15,10:17,PDX,11:15,11:34
20211101,TTA21,SFO,10:05,10:20,SEA,12:15,12:16
20211101,TTA11,LAX,09:50,10:32,SEA,12:35,12:41
20211101,TTA33,PDX,12:15,12:14,SEA,13:15,13:26
20211101,TTA12,SEA,14:05,14:06,LAX,16:50,16:57
20211101,TTA34,SEA,14:15,14:24,PDX,15:15,16:10
20211101,TTA35,PDX,16:15,16:17,SEA,17:15,17:15
20211101,TTA13,LAX,18:05,18:09,SEA,20:50,21:01
20211101,TTA36,SEA,18:15,18:15,PDX,19:15,19:09
20211101,TTA37,PDX,20:15,20:21,SEA,21:15,22:10
20211102,TTA30,SEA,06:15,06:13,PDX,07:15,07:16
20211102,TTA10,SEA,06:10,06:19,LAX,08:55,09:13
20211102,TTA20,SEA,06:30,06:37,SFO,08:40,08:48
20211102,TTA31,PDX,08:15,08:22,SEA,09:15,09:18
20211102,TTA11,LAX,09:50,09:47,SEA,12:35,12:55
20211102,TTA21,SFO,10:05,10:02,SEA,12:15,12:22
20211102,TTA32,SEA,10:15,10:25,PDX,11:15,11:23
20211102,TTA33,PDX,12:15,12:08,SEA,13:15,14:10
20211102,TTA22,SEA,13:35,13:32,SFO,15:45,15:52
20211102,TTA12,SEA,14:05,14:12,LAX,16:50,18:25
20211102,TTA34,SEA,14:15,14:15,PDX,15:15,15:31
20211102,TTA35,PDX,16:15,16:30,SEA,17:15,17:26
20211102,TTA23,SFO,17:35,17:52,SEA,19:45,19:45
20211102,TTA13,LAX,18:05,18:13,SEA,20:50,20:56
20211102,TTA36,SEA,18:15,18:20,PDX,19:15,19:26
20211102,TTA37,PDX,20:15,20:16,SEA,21:15,21:18
20211103,TTA30,SEA,06:15,06:15,PDX,07:15,07:21
20211103,TTA10,SEA,06:10,06:19,LAX,08:55,08:51
20211103,TTA20,SEA,06:30,06:36,SFO,08:40,08:35
20211103,TTA31,PDX,08:15,09:15,SEA,09:15,09:33
20211103,TTA11,LAX,09:50,10:03,SEA,12:35,12:31
20211103,TTA21,SFO,10:05,10:05,SEA,12:15,12:12
20211103,TTA32,SEA,10:15,10:10,PDX,11:15,11:34
20211103,TTA33,PDX,12:15,12:22,SEA,13:15,13:10
20211103,TTA22,SEA,13:35,13:46,SFO,15:45,15:41
20211103,TTA12,SEA,14:05,14:02,LAX,16:50,16:47
20211103,TTA34,SEA,14:15,15:15,PDX,15:15,15:18
20211103,TTA35,PDX,16:15,16:22,SEA,17:15,17:20
20211103,TTA23,SFO,17:35,17:44,SEA,19:45,19:52
20211103,TTA13,LAX,18:05,18:11,SEA,20:50,20:59
20211103,TTA36,SEA,18:15,18:20,PDX,19:15,19:10
20211103,TTA37,PDX,20:15,20:16,SEA,21:15,21:27
20211104,TTA10,SEA,06:10,06:06,LAX,08:55,10:31
20211104,TTA20,SEA,06:30,06:25,SFO,08:40,08:46
20211104,TTA30,SEA,06:15,06:55,PDX,07:15,07:22
20211104,TTA31,PDX,08:15,08:23,SEA,09:15,09:11
20211104,TTA11,LAX,09:50,09:47,SEA,12:35,12:30
20211104,TTA21,SFO,10:05,10:05,SEA,12:15,12:18
20211104,TTA32,SEA,10:15,10:15,PDX,11:15,11:15
20211104,TTA33,PDX,12:15,12:15,SEA,13:15,13:08
20211104,TTA22,SEA,13:35,13:39,SFO,15:45,15:49
20211104,TTA12,SEA,14:05,14:11,LAX,16:50,16:59
20211104,TTA34,SEA,14:15,14:24,PDX,15:15,15:30
20211104,TTA35,PDX,16:15,16:15,SEA,17:15,17:15
20211104,TTA23,SFO,17:35,17:34,SEA,19:45,19:46
20211104,TTA13,LAX,18:05,18:07,SEA,20:50,20:46
20211104,TTA36,SEA,18:15,18:13,PDX,19:15,19:21
20211104,TTA37,PDX,20:15,20:22,SEA,21:15,21:25
20211105,TTA10,SEA,06:10,06:17,LAX,08:55,08:52
20211105,TTA30,SEA,06:15,06:22,PDX,07:15,07:25
20211105,TTA20,SEA,06:30,06:36,SFO,08:40,08:44
20211105,TTA31,PDX,08:15,08:18,SEA,09:15,09:11
20211105,TTA11,LAX,09:50,09:48,SEA,12:35,12:38
20211105,TTA21,SFO,10:05,10:13,SEA,12:15,13:15
20211105,TTA32,SEA,10:15,10:29,PDX,11:15,11:15
20211105,TTA33,PDX,12:15,12:17,SEA,13:15,13:17
20211105,TTA12,SEA,14:05,14:01,LAX,16:50,16:50
20211105,TTA34,SEA,14:15,14:22,PDX,15:15,15:25
20211105,TTA35,PDX,16:15,16:25,SEA,17:15,17:19
20211105,TTA13,LAX,18:05,18:03,SEA,20:50,20:55
20211105,TTA36,SEA,18:15,18:14,PDX,19:15,19:21
20211105,TTA37,PDX,20:15,20:17,SEA,21:15,21:12
20211106,TTA10,SEA,06:10,06:04,LAX,08:55,08:59
20211106,TTA30,SEA,06:15,06:17,PDX,07:15,07:24
20211106,TTA20,SEA,06:30,06:30,SFO,08:40,08:59
20211106,TTA31,PDX,08:15,08:21,SEA,09:15,09:19
20211106,TTA11,LAX,09:50,09:53,SEA,12:35,12:39
20211106,TTA21,SFO,10:05,10:07,SEA,12:15,12:29
20211106,TTA32,SEA,10:15,10:15,PDX,11:15,11:20
20211106,TTA33,PDX,12:15,12:20,SEA,13:15,13:22
20211106,TTA12,SEA,14:05,14:07,LAX,16:50,16:57
20211106,TTA34,SEA,14:15,14:10,PDX,15:15,15:15
20211106,TTA22,SEA,13:35,14:16,SFO,15:45,16:25
20211106,TTA35,PDX,16:15,16:19,SEA,17:15,17:10
20211106,TTA23,SFO,17:35,17:39,SEA,19:45,19:55
20211106,TTA13,LAX,18:05,18:15,SEA,20:50,21:50
20211106,TTA36,SEA,18:15,18:20,PDX,19:15,19:10
20211106,TTA37,PDX,20:15,20:24,SEA,21:15,21:22
20211107,TTA10,SEA,06:10,06:13,LAX,08:55,08:57
20211107,TTA30,SEA,06:15,06:15,PDX,07:15,07:15
20211107,TTA20,SEA,06:30,06:50,SFO,08:40,09:40
20211107,TTA31,PDX,08:15,08:11,SEA,09:15,09:10
20211107,TTA11,LAX,09:50,10:04,SEA,12:35,12:45
20211107,TTA21,SFO,10:05,10:05,SEA,12:15,12:35
20211107,TTA32,SEA,10:15,10:21,PDX,11:15,11:10
20211107,TTA33,PDX,12:15,12:17,SEA,13:15,13:24
20211107,TTA22,SEA,13:35,13:44,SFO,15:45,15:40
20211107,TTA12,SEA,14:05,14:06,LAX,16:50,18:26
20211107,TTA34,SEA,14:15,14:21,PDX,15:15,15:20
20211107,TTA35,PDX,16:15,16:22,SEA,17:15,17:27
20211107,TTA23,SFO,17:35,17:30,SEA,19:45,19:54
20211107,TTA13,LAX,18:05,18:10,SEA,20:50,20:57
20211107,TTA36,SEA,18:15,18:16,PDX,19:15,19:25
20211107,TTA37,PDX,20:15,21:51,SEA,21:15,21:14
20211108,TTA30,SEA,06:15,06:12,PDX,07:15,07:11
20211108,TTA10,SEA,06:10,06:30,LAX,08:55,09:02
20211108,TTA20,SEA,06:30,06:33,SFO,08:40,08:35
20211108,TTA31,PDX,08:15,08:15,SEA,09:15,09:10
20211108,TTA11,LAX,09:50,09:44,SEA,12:35,12:44
20211108,TTA21,SFO,10:05,10:13,SEA,12:15,12:15
20211108,TTA32,SEA,10:15,10:16,PDX,11:15,11:14
20211108,TTA33,PDX,12:15,12:10,SEA,13:15,13:11
20211108,TTA34,SEA,14:15,14:24,PDX,15:15,15:25
20211108,TTA12,SEA,14:05,14:24,LAX,16:50,17:03
20211108,TTA35,PDX,16:15,16:57,SEA,17:15,17:20
20211108,TTA13,LAX,18:05,18:05,SEA,20:50,20:49
20211108,TTA36,SEA,18:15,18:11,PDX,19:15,19:15
20211108,TTA37,PDX,20:15,20:13,SEA,21:15,21:30
20211109,TTA10,SEA,06:10,06:08,LAX,08:55,09:07
20211109,TTA30,SEA,06:15,06:16,PDX,07:15,07:57
20211109,TTA20,SEA,06:30,06:25,SFO,08:40,08:40
20211109,TTA31,PDX,08:15,08:16,SEA,09:15,09:22
20211109,TTA11,LAX,09:50,09:54,SEA,12:35,12:29
20211109,TTA21,SFO,10:05,10:04,SEA,12:15,12:12
20211109,TTA32,SEA,10:15,10:11,PDX,11:15,11:08
20211109,TTA33,PDX,12:15,12:56,SEA,13:15,13:13
20211109,TTA22,SEA,13:35,13:39,SFO,15:45,15:49
20211109,TTA12,SEA,14:05,14:06,LAX,16:50,16:54
20211109,TTA34,SEA,14:15,14:15,PDX,15:15,15:19
20211109,TTA35,PDX,16:15,16:34,SEA,17:15,17:21
20211109,TTA23,SFO,17:35,17:40,SEA,19:45,19:55
20211109,TTA36,SEA,18:15,18:11,PDX,19:15,19:25
20211109,TTA13,LAX,18:05,18:13,SEA,20:50,20:59
20211109,TTA37,PDX,20:15,21:50,SEA,21:15,21:14
20211110,TTA10,SEA,06:10,06:15,LAX,08:55,09:05
20211110,TTA30,SEA,06:15,06:25,PDX,07:15,07:22
20211110,TTA20,SEA,06:30,06:31,SFO,08:40,08:41
20211110,TTA31,PDX,08:15,08:15,SEA,09:15,09:16
20211110,TTA11,LAX,09:50,10:00,SEA,12:35,12:37
20211110,TTA32,SEA,10:15,10:12,PDX,11:15,11:10
20211110,TTA21,SFO,10:05,10:15,SEA,12:15,12:10
20211110,TTA33,PDX,12:15,12:22,SEA,13:15,13:15
20211110,TTA22,SEA,13:35,13:45,SFO,15:45,15:45
20211110,TTA12,SEA,14:05,14:05,LAX,16:50,16:53
20211110,TTA34,SEA,14:15,14:25,PDX,15:15,15:22
20211110,TTA35,PDX,16:15,16:17,SEA,17:15,17:15
20211110,TTA23,SFO,17:35,17:38,SEA,19:45,19:45
20211110,TTA13,LAX,18:05,18:11,SEA,20:50,20:55
20211110,TTA36,SEA,18:15,18:22,PDX,19:15,19:16
20211110,TTA37,PDX,20:15,21:51,SEA,21:15,21:25
20211111,TTA33,PDX,12:15,,SEA,13:15,
20211111,TTA32,SEA,10:15,,PDX,11:15,
20211111,TTA13,LAX,18:05,,SEA,20:50,
20211111,TTA12,SEA,14:05,,LAX,16:50,
20211111,TTA10,SEA,06:10,06:05,LAX,08:55,08:49
20211111,TTA30,SEA,06:15,06:10,PDX,07:15,07:15
20211111,TTA20,SEA,06:30,06:30,SFO,08:40,08:39
20211111,TTA31,PDX,08:15,08:22,SEA,09:15,09:11
20211111,TTA11,LAX,09:50,09:58,SEA,12:35,12:34
20211111,TTA21,SFO,10:05,10:47,SEA,12:15,13:50
20211111,TTA22,SEA,13:35,13:45,SFO,15:45,15:54
20211111,TTA34,SEA,14:15,14:17,PDX,15:15,15:12
20211111,TTA35,PDX,16:15,16:14,SEA,17:15,17:08
20211111,TTA23,SFO,17:35,17:43,SEA,19:45,20:03
20211111,TTA36,SEA,18:15,19:50,PDX,19:15,20:10
20211111,TTA37,PDX,20:15,20:17,SEA,21:15,21:23
20211112,TTA12,SEA,14:05,,LAX,16:50,
20211112,TTA13,LAX,18:05,,SEA,20:50,
20211112,TTA10,SEA,06:10,06:07,LAX,08:55,08:59
20211112,TTA30,SEA,06:15,06:17,PDX,07:15,07:15
20211112,TTA20,SEA,06:30,06:29,SFO,08:40,08:39
20211112,TTA31,PDX,08:15,08:28,SEA,09:15,09:12
20211112,TTA11,LAX,09:50,09:58,SEA,12:35,12:42
20211112,TTA21,SFO,10:05,10:17,SEA,12:15,12:25
20211112,TTA32,SEA,10:15,10:20,PDX,11:15,11:21
20211112,TTA33,PDX,12:15,12:09,SEA,13:15,13:55
20211112,TTA34,SEA,14:15,14:25,PDX,15:15,15:13
20211112,TTA35,PDX,16:15,16:27,SEA,17:15,17:17
20211112,TTA36,SEA,18:15,18:12,PDX,19:15,19:18
20211112,TTA37,PDX,20:15,20:08,SEA,21:15,21:13
20211113,TTA33,PDX,12:15,,SEA,13:15,
20211113,TTA32,SEA,10:15,,PDX,11:15,
20211113,TTA30,SEA,06:15,06:12,PDX,07:15,07:26
20211113,TTA10,SEA,06:10,06:19,LAX,08:55,09:07
20211113,TTA20,SEA,06:30,06:39,SFO,08:40,08:36
20211113,TTA31,PDX,08:15,08:28,SEA,09:15,09:11
20211113,TTA11,LAX,09:50,10:00,SEA,12:35,12:40
20211113,TTA21,SFO,10:05,10:11,SEA,12:15,12:16
20211113,TTA22,SEA,13:35,13:44,SFO,15:45,16:27
20211113,TTA12,SEA,14:05,14:02,LAX,16:50,17:45
20211113,TTA34,SEA,14:15,14:22,PDX,15:15,15:16
20211113,TTA35,PDX,16:15,16:19,SEA,17:15,17:28
20211113,TTA23,SFO,17:35,17:52,SEA,19:45,19:52
20211113,TTA36,SEA,18:15,18:20,PDX,19:15,19:15
20211113,TTA13,LAX,18:05,19:40,SEA,20:50,20:56
20211113,TTA37,PDX,20:15,20:18,SEA,21:15,21:15
20211114,TTA10,SEA,06:10,06:30,LAX,08:55,09:03
20211114,TTA20,SEA,06:30,06:30,SFO,08:40,08:34
20211114,TTA30,SEA,06:15,06:35,PDX,07:15,07:24
20211114,TTA31,PDX,08:15,08:08,SEA,09:15,09:23
20211114,TTA11,LAX,09:50,09:52,SEA,12:35,12:28
20211114,TTA21,SFO,10:05,10:12,SEA,12:15,13:51
20211114,TTA32,SEA,10:15,10:21,PDX,11:15,11:25
20211114,TTA33,PDX,12:15,12:25,SEA,13:15,13:21
20211114,TTA22,SEA,13:35,13:41,SFO,15:45,15:41
20211114,TTA12,SEA,14:05,14:05,LAX,16:50,16:56
20211114,TTA34,SEA,14:15,14:15,PDX,15:15,15:11
20211114,TTA35,PDX,16:15,16:24,SEA,17:15,17:15
20211114,TTA23,SFO,17:35,17:44,SEA,19:45,19:52
20211114,TTA13,LAX,18:05,18:04,SEA,20:50,21:30
20211114,TTA36,SEA,18:15,18:17,PDX,19:15,19:22
20211114,TTA37,PDX,20:15,20:28,SEA,21:15,21:15
20211115,TTA30,SEA,06:15,06:23,PDX,07:15,07:55
20211115,TTA20,SEA,06:30,06:33,SFO,08:40,08:49
20211115,TTA10,SEA,06:10,07:10,LAX,08:55,08:57
20211115,TTA31,PDX,08:15,08:24,SEA,09:15,10:51
20211115,TTA11,LAX,09:50,09:58,SEA,12:35,12:44
20211115,TTA32,SEA,10:15,10:11,PDX,11:15,11:21
20211115,TTA21,SFO,10:05,10:14,SEA,12:15,12:09
20211115,TTA33,PDX,12:15,12:23,SEA,13:15,13:55
20211115,TTA12,SEA,14:05,14:08,LAX,16:50,16:56
20211115,TTA34,SEA,14:15,14:12,PDX,15:15,15:34
20211115,TTA35,PDX,16:15,16:15,SEA,17:15,17:19
20211115,TTA36,SEA,18:15,18:17,PDX,19:15,19:34
20211115,TTA13,LAX,18:05,18:46,SEA,20:50,20:50
20211115,TTA37,PDX,20:15,20:15,SEA,21:15,21:26
20211116,TTA10,SEA,06:10,06:05,LAX,08:55,09:01
20211116,TTA30,SEA,06:15,06:21,PDX,07:15,07:24
20211116,TTA20,SEA,06:30,06:28,SFO,08:40,08:45
20211116,TTA31,PDX,08:15,08:20,SEA,09:15,09:23
20211116,TTA11,LAX,09:50,09:50,SEA,12:35,13:30
20211116,TTA21,SFO,10:05,10:10,SEA,12:15,12:27
20211116,TTA32,SEA,10:15,10:11,PDX,11:15,11:23
20211116,TTA33,PDX,12:15,12:16,SEA,13:15,13:25
20211116,TTA12,SEA,14:05,14:12,LAX,16:50,17:02
20211116,TTA22,SEA,13:35,14:15,SFO,15:45,15:44
20211116,TTA34,SEA,14:15,14:23,PDX,15:15,15:30
20211116,TTA35,PDX,16:15,16:20,SEA,17:15,17:16
20211116,TTA23,SFO,17:35,17:42,SEA,19:45,19:45
20211116,TTA13,LAX,18:05,18:10,SEA,20:50,20:48
20211116,TTA36,SEA,18:15,18:15,PDX,19:15,19:14
20211116,TTA37,PDX,20:15,20:23,SEA,21:15,21:09
20211117,TTA30,SEA,06:15,06:10,PDX,07:15,07:16
20211117,TTA10,SEA,06:10,06:21,LAX,08:55,09:06
20211117,TTA20,SEA,06:30,06:31,SFO,08:40,08:50
20211117,TTA31,PDX,08:15,08:22,SEA,09:15,09:15
20211117,TTA11,LAX,09:50,09:45,SEA,12:35,12:39
20211117,TTA21,SFO,10:05,10:12,SEA,12:15,12:15
20211117,TTA32,SEA,10:15,11:10,PDX,11:15,11:55
20211117,TTA33,PDX,12:15,12:11,SEA,13:15,13:12
20211117,TTA22,SEA,13:35,13:35,SFO,15:45,15:45
20211117,TTA12,SEA,14:05,14:09,LAX,16:50,17:32
20211117,TTA34,SEA,14:15,14:25,PDX,15:15,15:15
20211117,TTA35,PDX,16:15,16:11,SEA,17:15,17:18
20211117,TTA23,SFO,17:35,17:53,SEA,19:45,19:44
20211117,TTA13,LAX,18:05,18:01,SEA,20:50,20:58
20211117,TTA36,SEA,18:15,18:22,PDX,19:15,19:35
20211117,TTA37,PDX,20:15,20:12,SEA,21:15,21:20
20211118,TTA35,PDX,16:15,,SEA,17:15,
20211118,TTA34,SEA,14:15,,PDX,15:15,
20211118,TTA10,SEA,06:10,06:17,LAX,08:55,08:53
20211118,TTA30,SEA,06:15,06:30,PDX,07:15,07:11
20211118,TTA20,SEA,06:30,06:47,SFO,08:40,09:21
20211118,TTA31,PDX,08:15,08:27,SEA,09:15,09:17
20211118,TTA21,SFO,10:05,10:04,SEA,12:15,12:11
20211118,TTA11,LAX,09:50,10:07,SEA,12:35,12:48
20211118,TTA32,SEA,10:15,10:15,PDX,11:15,11:18
20211118,TTA33,PDX,12:15,12:23,SEA,13:15,13:15
20211118,TTA22,SEA,13:35,13:36,SFO,15:45,16:45
20211118,TTA12,SEA,14:05,14:03,LAX,16:50,16:52
20211118,TTA23,SFO,17:35,17:44,SEA,19:45,19:49
20211118,TTA13,LAX,18:05,18:06,SEA,20:50,20:51
20211118,TTA36,SEA,18:15,18:17,PDX,19:15,19:18
20211118,TTA37,PDX,20:15,20:14,SEA,21:15,21:15
20211119,TTA30,SEA,06:15,06:30,PDX,07:15,07:11
20211119,TTA20,SEA,06:30,06:38,SFO,08:40,08:46
20211119,TTA10,SEA,06:10,06:51,LAX,08:55,08:53
20211119,TTA31,PDX,08:15,08:15,SEA,09:15,09:22
20211119,TTA11,LAX,09:50,10:03,SEA,12:35,12:43
20211119,TTA21,SFO,10:05,10:11,SEA,12:15,13:51
20211119,TTA32,SEA,10:15,10:23,PDX,11:15,11:16
20211119,TTA33,PDX,12:15,12:17,SEA,13:15,13:11
20211119,TTA12,SEA,14:05,14:03,LAX,16:50,16:50
20211119,TTA34,SEA,14:15,14:22,PDX,15:15,15:18
20211119,TTA35,PDX,16:15,16:23,SEA,17:15,17:31
20211119,TTA13,LAX,18:05,18:05,SEA,20:50,20:57
20211119,TTA36,SEA,18:15,18:22,PDX,19:15,19:15
20211119,TTA37,PDX,20:15,20:27,SEA,21:15,21:21
20211120,TTA10,SEA,06:10,06:10,LAX,08:55,08:57
20211120,TTA20,SEA,06:30,06:34,SFO,08:40,08:51
20211120,TTA30,SEA,06:15,06:34,PDX,07:15,07:28
20211120,TTA31,PDX,08:15,08:16,SEA,09:15,09:20
20211120,TTA21,SFO,10:05,10:01,SEA,12:15,12:20
20211120,TTA11,LAX,09:50,10:08,SEA,12:35,12:41
20211120,TTA32,SEA,10:15,10:11,PDX,11:15,11:26
20211120,TTA33,PDX,12:15,12:28,SEA,13:15,13:24
20211120,TTA22,SEA,13:35,13:31,SFO,15:45,15:55
20211120,TTA12,SEA,14:05,14:15,LAX,16:50,17:03
20211120,TTA34,SEA,14:15,14:15,PDX,15:15,15:13
20211120,TTA35,PDX,16:15,16:14,SEA,17:15,17:21
20211120,TTA13,LAX,18:05,18:14,SEA,20:50,20:50
20211120,TTA23,SFO,17:35,18:16,SEA,19:45,19:45
20211120,TTA36,SEA,18:15,18:25,PDX,19:15,19:17
20211120,TTA37,PDX,20:15,20:24,SEA,21:15,21:13
20211121,TTA30,SEA,06:15,06:10,PDX,07:15,07:25
20211121,TTA20,SEA,06:30,06:28,SFO,08:40,08:41
20211121,TTA10,SEA,06:10,06:52,LAX,08:55,09:37
20211121,TTA31,PDX,08:15,08:25,SEA,09:15,09:26
20211121,TTA21,SFO,10:05,10:01,SEA,12:15,12:56
20211121,TTA32,SEA,10:15,10:09,PDX,11:15,11:25
20211121,TTA11,LAX,09:50,10:10,SEA,12:35,12:30
20211121,TTA33,PDX,12:15,12:15,SEA,13:15,13:14
20211121,TTA22,SEA,13:35,13:36,SFO,15:45,15:49
20211121,TTA34,SEA,14:15,14:15,PDX,15:15,15:19
20211121,TTA12,SEA,14:05,14:21,LAX,16:50,16:46
20211121,TTA35,PDX,16:15,16:27,SEA,17:15,17:18
20211121,TTA23,SFO,17:35,17:34,SEA,19:45,19:49
20211121,TTA13,LAX,18:05,18:12,SEA,20:50,21:05
20211121,TTA36,SEA,18:15,19:50,PDX,19:15,19:24
20211121,TTA37,PDX,20:15,20:22,SEA,21:15,21:55
20211122,TTA10,SEA,06:10,06:07,LAX,08:55,09:04
20211122,TTA30,SEA,06:15,06:17,PDX,07:15,07:57
20211122,TTA20,SEA,06:30,06:27,SFO,08:40,08:46
20211122,TTA31,PDX,08:15,08:18,SEA,09:15,09:10
20211122,TTA11,LAX,09:50,09:54,SEA,12:35,12:39
20211122,TTA21,SFO,10:05,10:04,SEA,12:15,12:25
20211122,TTA32,SEA,10:15,10:19,PDX,11:15,11:12
20211122,TTA33,PDX,12:15,12:23,SEA,13:15,13:10
20211122,TTA12,SEA,14:05,14:06,LAX,16:50,17:00
20211122,TTA34,SEA,14:15,14:20,PDX,15:15,15:11
20211122,TTA35,PDX,16:15,16:13,SEA,17:15,17:24
20211122,TTA36,SEA,18:15,18:13,PDX,19:15,19:15
20211122,TTA13,LAX,18:05,18:23,SEA,20:50,20:51
20211122,TTA37,PDX,20:15,20:16,SEA,21:15,21:15
20211123,TTA10,SEA,06:10,06:12,LAX,08:55,08:54
20211123,TTA30,SEA,06:15,06:23,PDX,07:15,07:55
20211123,TTA20,SEA,06:30,06:31,SFO,08:40,08:56
20211123,TTA31,PDX,08:15,08:19,SEA,09:15,09:14
20211123,TTA21,SFO,10:05,10:00,SEA,12:15,12:18
20211123,TTA32,SEA,10:15,10:13,PDX,11:15,11:17
20211123,TTA11,LAX,09:50,10:30,SEA,12:35,12:45
20211123,TTA33,PDX,12:15,12:08,SEA,13:15,13:34
20211123,TTA22,SEA,13:35,13:33,SFO,15:45,15:53
20211123,TTA12,SEA,14:05,14:07,LAX,16:50,16:49
20211123,TTA34,SEA,14:15,14:08,PDX,15:15,15:12
20211123,TTA35,PDX,16:15,16:08,SEA,17:15,17:11
20211123,TTA23,SFO,17:35,17:34,SEA,19:45,19:44
20211123,TTA13,LAX,18:05,18:10,SEA,20:50,21:04
20211123,TTA36,SEA,18:15,18:29,PDX,19:15,19:23
20211123,TTA37,PDX,20:15,20:17,SEA,21:15,21:19
20211124,TTA30,SEA,06:15,06:22,PDX,07:15,07:21
20211124,TTA20,SEA,06:30,06:36,SFO,08:40,08:46
20211124,TTA10,SEA,06:10,06:50,LAX,08:55,09:00
20211124,TTA31,PDX,08:15,08:17,SEA,09:15,09:13
20211124,TTA11,LAX,09:50,09:49,SEA,12:35,12:41
20211124,TTA21,SFO,10:05,10:06,SEA,12:15,12:23
20211124,TTA32,SEA,10:15,10:57,PDX,11:15,11:12
20211124,TTA33,PDX,12:15,12:16,SEA,13:15,13:10
20211124,TTA22,SEA,13:35,13:44,SFO,15:45,15:55
20211124,TTA12,SEA,14:05,14:05,LAX,16:50,16:58
20211124,TTA34,SEA,14:15,14:18,PDX,15:15,15:15
20211124,TTA35,PDX,16:15,16:15,SEA,17:15,17:10
20211124,TTA23,SFO,17:35,17:35,SEA,19:45,19:44
20211124,TTA13,LAX,18:05,18:02,SEA,20:50,20:53
20211124,TTA36,SEA,18:15,18:17,PDX,19:15,19:14
20211124,TTA37,PDX,20:15,20:15,SEA,21:15,21:19
20211125,TTA30,SEA,06:15,06:10,PDX,07:15,07:25
20211125,TTA10,SEA,06:10,06:14,LAX,08:55,09:02
20211125,TTA20,SEA,06:30,06:36,SFO,08:40,08:43
20211125,TTA31,PDX,08:15,08:28,SEA,09:15,09:25
20211125,TTA11,LAX,09:50,10:01,SEA,12:35,12:32
20211125,TTA32,SEA,10:15,10:16,PDX,11:15,11:22
20211125,TTA21,SFO,10:05,10:17,SEA,12:15,12:15
20211125,TTA33,PDX,12:15,12:18,SEA,13:15,13:13
20211125,TTA22,SEA,13:35,13:35,SFO,15:45,15:51
20211125,TTA12,SEA,14:05,14:00,LAX,16:50,17:09
20211125,TTA34,SEA,14:15,14:32,PDX,15:15,15:18
20211125,TTA35,PDX,16:15,16:14,SEA,17:15,17:19
20211125,TTA23,SFO,17:35,17:37,SEA,19:45,19:45
20211125,TTA36,SEA,18:15,18:17,PDX,19:15,19:24
20211125,TTA13,LAX,18:05,19:00,SEA,20:50,20:50
20211125,TTA37,PDX,20:15,20:22,SEA,21:15,21:33
20211126,TTA30,SEA,06:15,06:12,PDX,07:15,07:15
20211126,TTA10,SEA,06:10,06:15,LAX,08:55,09:01
20211126,TTA20,SEA,06:30,06:48,SFO,08:40,08:41
20211126,TTA31,PDX,08:15,08:18,SEA,09:15,09:21
20211126,TTA11,LAX,09:50,10:00,SEA,12:35,12:42
20211126,TTA32,SEA,10:15,10:19,PDX,11:15,12:51
20211126,TTA21,SFO,10:05,10:25,SEA,12:15,12:26
20211126,TTA33,PDX,12:15,12:32,SEA,13:15,13:21
20211126,TTA34,SEA,14:15,14:17,PDX,15:15,15:11
20211126,TTA12,SEA,14:05,14:45,LAX,16:50,17:00
20211126,TTA35,PDX,16:15,16:13,SEA,17:15,17:19
20211126,TTA13,LAX,18:05,18:09,SEA,20:50,20:59
20211126,TTA36,SEA,18:15,18:15,PDX,19:15,19:31
20211126,TTA37,PDX,20:15,20:10,SEA,21:15,21:25
20211127,TTA10,SEA,06:10,06:10,LAX,08:55,08:50
20211127,TTA20,SEA,06:30,06:31,SFO,08:40,08:43
20211127,TTA30,SEA,06:15,06:35,PDX,07:15,07:11
20211127,TTA31,PDX,08:15,08:15,SEA,09:15,09:14
20211127,TTA11,LAX,09:50,09:57,SEA,12:35,12:44
20211127,TTA32,SEA,10:15,10:24,PDX,11:15,11:15
20211127,TTA21,SFO,10:05,10:25,SEA,12:15,12:21
20211127,TTA33,PDX,12:15,12:16,SEA,13:15,13:23
20211127,TTA22,SEA,13:35,13:40,SFO,15:45,16:02
20211127,TTA12,SEA,14:05,14:03,LAX,16:50,16:59
20211127,TTA34,SEA,14:15,14:16,PDX,15:15,15:23
20211127,TTA23,SFO,17:35,17:34,SEA,19:45,19:45
20211127,TTA35,PDX,16:15,17:50,SEA,17:15,17:15
20211127,TTA36,SEA,18:15,18:10,PDX,19:15,19:09
20211127,TTA13,LAX,18:05,18:10,SEA,20:50,20:57
20211127,TTA37,PDX,20:15,20:20,SEA,21:15,21:14
20211128,TTA30,SEA,06:15,,PDX,07:15,
20211128,TTA31,PDX,08:15,,SEA,09:15,
20211128,TTA10,SEA,06:10,06:05,LAX,08:55,09:05
20211128,TTA20,SEA,06:30,06:30,SFO,08:40,08:51
20211128,TTA11,LAX,09:50,09:50,SEA,12:35,12:31
20211128,TTA21,SFO,10:05,10:15,SEA,12:15,12:15
20211128,TTA32,SEA,10:15,10:23,PDX,11:15,11:20
20211128,TTA33,PDX,12:15,12:25,SEA,13:15,13:21
20211128,TTA22,SEA,13:35,13:45,SFO,15:45,15:45
20211128,TTA34,SEA,14:15,14:09,PDX,15:15,15:25
20211128,TTA12,SEA,14:05,14:13,LAX,16:50,16:43
20211128,TTA35,PDX,16:15,16:13,SEA,17:15,17:19
20211128,TTA23,SFO,17:35,17:32,SEA,19:45,20:05
20211128,TTA13,LAX,18:05,17:59,SEA,20:50,20:56
20211128,TTA36,SEA,18:15,18:11,PDX,19:15,19:21
20211128,TTA37,PDX,20:15,20:30,SEA,21:15,21:17
20211129,TTA10,SEA,06:10,06:05,LAX,08:55,09:03
20211129,TTA30,SEA,06:15,06:30,PDX,07:15,07:35
20211129,TTA20,SEA,06:30,06:35,SFO,08:40,08:37
20211129,TTA31,PDX,08:15,08:15,SEA,09:15,09:24
20211129,TTA11,LAX,09:50,09:45,SEA,12:35,12:36
20211129,TTA21,SFO,10:05,10:07,SEA,12:15,12:23
20211129,TTA32,SEA,10:15,10:14,PDX,11:15,11:20
20211129,TTA33,PDX,12:15,12:17,SEA,13:15,13:20
20211129,TTA12,SEA,14:05,14:03,LAX,16:50,16:54
20211129,TTA34,SEA,14:15,14:10,PDX,15:15,15:10
20211129,TTA35,PDX,16:15,16:25,SEA,17:15,17:21
20211129,TTA36,SEA,18:15,18:11,PDX,19:15,19:15
20211129,TTA13,LAX,18:05,18:11,SEA,20:50,20:50
20211129,TTA37,PDX,20:15,20:32,SEA,21:15,21:23
20211130,TTA10,SEA,06:10,06:09,LAX,08:55,10:31
20211130,TTA20,SEA,06:30,06:29,SFO,08:40,08:43
20211130,TTA30,SEA,06:15,07:10,PDX,07:15,07:25
20211130,TTA31,PDX,08:15,08:21,SEA,09:15,09:11
20211130,TTA11,LAX,09:50,09:47,SEA,12:35,12:43
20211130,TTA21,SFO,10:05,10:07,SEA,12:15,12:18
20211130,TTA32,SEA,10:15,10:26,PDX,11:15,11:17
20211130,TTA33,PDX,12:15,12:28,SEA,13:15,13:23
20211130,TTA22,SEA,13:35,13:32,SFO,15:45,15:54
20211130,TTA12,SEA,14:05,14:06,LAX,16:50,16:50
20211130,TTA34,SEA,14:15,14:17,PDX,15:15,15:22
20211130,TTA35,PDX,16:15,16:19,SEA,17:15,17:17
20211130,TTA23,SFO,17:35,17:32,SEA,19:45,19:52
20211130,TTA13,LAX,18:05,18:10,SEA,20:50,20:53
20211130,TTA36,SEA,18:15,18:19,PDX,19:15,19:25
20211130,TTA37,PDX,20:15,20:20,SEA,21:15,21:14
20211201,TTA10,SEA,06:10,06:08,LAX,08:55,08:57
20211201,TTA30,SEA,06:15,06:12,PDX,07:15,07:17
20211201,TTA20,SEA,06:30,06:48,SFO,08:40,08:43
20211201,TTA31,PDX,08:15,08:20,SEA,09:15,09:14
20211201,TTA11,LAX,09:50,09:51,SEA,12:35,12:45
20211201,TTA32,SEA,10:15,10:23,PDX,11:15,11:24
20211201,TTA21,SFO,10:05,11:00,SEA,12:15,12:15
20211201,TTA33,PDX,12:15,12:18,SEA,13:15,13:17
20211201,TTA22,SEA,13:35,13:45,SFO,15:45,16:04
20211201,TTA12,SEA,14:05,13:58,LAX,16:50,16:48
20211201,TTA34,SEA,14:15,14:23,PDX,15:15,15:24
20211201,TTA35,PDX,16:15,16:09,SEA,17:15,17:23
20211201,TTA23,SFO,17:35,17:37,SEA,19:45,19:54
20211201,TTA13,LAX,18:05,18:02,SEA,20:50,20:54
20211201,TTA36,SEA,18:15,18:21,PDX,19:15,19:14
20211201,TTA37,PDX,20:15,20:21,SEA,21:15,21:14
20211202,TTA30,SEA,06:15,06:19,PDX,07:15,07:21
20211202,TTA10,SEA,06:10,06:20,LAX,08:55,09:06
20211202,TTA20,SEA,06:30,06:27,SFO,08:40,08:49
20211202,TTA31,PDX,08:15,08:29,SEA,09:15,09:25
20211202,TTA11,LAX,09:50,09:54,SEA,12:35,13:16
20211202,TTA21,SFO,10:05,10:15,SEA,12:15,12:17
20211202,TTA32,SEA,10:15,10:33,PDX,11:15,11:19
20211202,TTA33,PDX,12:15,12:25,SEA,13:15,13:15
20211202,TTA22,SEA,13:35,13:33,SFO,15:45,15:45
20211202,TTA12,SEA,14:05,14:06,LAX,16:50,16:53
20211202,TTA34,SEA,14:15,14:22,PDX,15:15,15:25
20211202,TTA35,PDX,16:15,16:23,SEA,17:15,17:20
20211202,TTA13,LAX,18:05,18:06,SEA,20:50,20:49
20211202,TTA23,SFO,17:35,18:16,SEA,19:45,19:43
20211202,TTA36,SEA,18:15,18:30,PDX,19:15,19:22
20211202,TTA37,PDX,20:15,20:25,SEA,21:15,21:11
20211203,TTA10,SEA,06:10,06:11,LAX,08:55,10:31
20211203,TTA30,SEA,06:15,06:20,PDX,07:15,08:10
20211203,TTA20,SEA,06:30,06:33,SFO,08:40,08:48
20211203,TTA31,PDX,08:15,08:10,SEA,09:15,09:26
20211203,TTA11,LAX,09:50,09:58,SEA,12:35,12:41
20211203,TTA21,SFO,10:05,10:11,SEA,12:15,12:32
20211203,TTA32,SEA,10:15,10:55,PDX,11:15,11:15
20211203,TTA33,PDX,12:15,12:15,SEA,13:15,13:27
20211203,TTA22,SEA,13:35,13:39,SFO,15:45,17:21
20211203,TTA34,SEA,14:15,14:13,PDX,15:15,15:18
20211203,TTA12,SEA,14:05,14:15,LAX,16:50,16:57
20211203,TTA35,PDX,16:15,16:25,SEA,17:15,17:21
20211203,TTA23,SFO,17:35,17:35,SEA,19:45,20:03
20211203,TTA13,LAX,18:05,18:14,SEA,20:50,20:46
20211203,TTA36,SEA,18:15,18:21,PDX,19:15,19:19
20211203,TTA37,PDX,20:15,20:20,SEA,21:15,21:17
20211204,TTA10,SEA,06:10,06:19,LAX,08:55,08:54
20211204,TTA30,SEA,06:15,06:24,PDX,07:15,07:34
20211204,TTA20,SEA,06:30,06:31,SFO,08:40,08:36
20211204,TTA31,PDX,08:15,08:19,SEA,09:15,09:15
20211204,TTA11,LAX,09:50,09:45,SEA,12:35,12:35
20211204,TTA21,SFO,10:05,10:03,SEA,12:15,12:15
20211204,TTA32,SEA,10:15,11:50,PDX,11:15,11:13
20211204,TTA33,PDX,12:15,12:20,SEA,13:15,13:18
20211204,TTA22,SEA,13:35,13:34,SFO,15:45,17:21
20211204,TTA12,SEA,14:05,14:15,LAX,16:50,16:56
20211204,TTA34,SEA,14:15,14:23,PDX,15:15,15:19
20211204,TTA35,PDX,16:15,16:16,SEA,17:15,17:56
20211204,TTA23,SFO,17:35,17:38,SEA,19:45,20:04
20211204,TTA13,LAX,18:05,18:17,SEA,20:50,20:52
20211204,TTA36,SEA,18:15,18:22,PDX,19:15,19:12
20211204,TTA37,PDX,20:15,20:27,SEA,21:15,21:25
20211205,TTA23,SFO,17:35,,SEA,19:45,
20211205,TTA22,SEA,13:35,,SFO,15:45,
20211205,TTA10,SEA,06:10,06:08,LAX,08:55,08:54
20211205,TTA30,SEA,06:15,06:08,PDX,07:15,08:50
20211205,TTA20,SEA,06:30,07:30,SFO,08:40,08:39
20211205,TTA31,PDX,08:15,08:15,SEA,09:15,09:22
20211205,TTA11,LAX,09:50,09:57,SEA,12:35,12:41
20211205,TTA21,SFO,10:05,10:01,SEA,12:15,12:46
20211205,TTA32,SEA,10:15,10:27,PDX,11:15,11:19
20211205,TTA33,PDX,12:15,12:16,SEA,13:15,13:25
20211205,TTA12,SEA,14:05,14:07,LAX,16:50,16:46
20211205,TTA34,SEA,14:15,14:57,PDX,15:15,15:14
20211205,TTA35,PDX,16:15,16:15,SEA,17:15,17:11
20211205,TTA13,LAX,18:05,17:59,SEA,20:50,21:02
20211205,TTA36,SEA,18:15,18:24,PDX,19:15,19:25
20211205,TTA37,PDX,20:15,20:14,SEA,21:15,22:51
20211206,TTA23,SFO,17:35,,SEA,19:45,
20211206,TTA22,SEA,13:35,,SFO,15:45,
20211206,TTA10,SEA,06:10,06:10,LAX,08:55,08:50
20211206,TTA30,SEA,06:15,06:18,PDX,07:15,07:13
20211206,TTA20,SEA,06:30,07:12,SFO,08:40,08:53
20211206,TTA31,PDX,08:15,08:13,SEA,09:15,09:11
20211206,TTA11,LAX,09:50,09:50,SEA,12:35,12:53
20211206,TTA32,SEA,10:15,10:13,PDX,11:15,11:22
20211206,TTA21,SFO,10:05,10:15,SEA,12:15,12:33
20211206,TTA33,PDX,12:15,12:21,SEA,13:15,13:21
20211206,TTA34,SEA,14:15,14:12,PDX,15:15,15:21
20211206,TTA12,SEA,14:05,15:40,LAX,16:50,16:55
20211206,TTA35,PDX,16:15,16:25,SEA,17:15,17:12
20211206,TTA13,LAX,18:05,18:05,SEA,20:50,20:58
20211206,TTA36,SEA,18:15,18:20,PDX,19:15,19:22
20211206,TTA37,PDX,20:15,20:21,SEA,21:15,21:16
20211207,TTA10,SEA,06:10,06:16,LAX,08:55,08:50
20211207,TTA20,SEA,06:30,06:49,SFO,08:40,08:41
20211207,TTA30,SEA,06:15,07:10,PDX,07:15,07:22
20211207,TTA31,PDX,08:15,08:11,SEA,09:15,09:22
20211207,TTA21,SFO,10:05,09:59,SEA,12:15,12:34
20211207,TTA11,LAX,09:50,10:03,SEA,12:35,12:38
20211207,TTA32,SEA,10:15,10:25,PDX,11:15,11:15
20211207,TTA33,PDX,12:15,12:22,SEA,13:15,13:19
20211207,TTA22,SEA,13:35,13:37,SFO,15:45,15:46
20211207,TTA12,SEA,14:05,14:09,LAX,16:50,17:32
20211207,TTA34,SEA,14:15,14:19,PDX,15:15,15:23
20211207,TTA35,PDX,16:15,16:23,SEA,17:15,17:57
20211207,TTA23,SFO,17:35,17:41,SEA,19:45,19:55
20211207,TTA36,SEA,18:15,18:14,PDX,19:15,19:16
20211207,TTA13,LAX,18:05,18:14,SEA,20:50,20:51
20211207,TTA37,PDX,20:15,20:18,SEA,21:15,21:16
20211208,TTA30,SEA,06:15,06:15,PDX,07:15,07:19
20211208,TTA10,SEA,06:10,06:18,LAX,08:55,09:05
20211208,TTA20,SEA,06:30,06:30,SFO,08:40,08:42
20211208,TTA31,PDX,08:15,08:22,SEA,09:15,09:25
20211208,TTA11,LAX,09:50,09:51,SEA,12:35,12:31
20211208,TTA21,SFO,10:05,10:19,SEA,12:15,12:23
20211208,TTA32,SEA,10:15,10:25,PDX,11:15,11:25
20211208,TTA33,PDX,12:15,12:21,SEA,13:15,14:50
20211208,TTA22,SEA,13:35,13:30,SFO,15:45,15:48
20211208,TTA34,SEA,14:15,14:11,PDX,15:15,15:19
20211208,TTA12,SEA,14:05,14:15,LAX,16:50,16:59
20211208,TTA35,PDX,16:15,16:15,SEA,17:15,17:29
20211208,TTA23,SFO,17:35,17:43,SEA,19:45,19:53
20211208,TTA13,LAX,18:05,18:09,SEA,20:50,20:54
20211208,TTA36,SEA,18:15,18:20,PDX,19:15,19:25
20211208,TTA37,PDX,20:15,20:10,SEA,21:15,21:20
20211209,TTA10,SEA,06:10,06:14,LAX,08:55,10:30
20211209,TTA30,SEA,06:15,06:25,PDX,07:15,07:13
20211209,TTA20,SEA,06:30,06:37,SFO,08:40,08:36
20211209,TTA31,PDX,08:15,08:25,SEA,09:15,09:22
20211209,TTA11,LAX,09:50,10:03,SEA,12:35,12:39
20211209,TTA21,SFO,10:05,10:12,SEA,12:15,12:11
20211209,TTA32,SEA,10:15,10:14,PDX,11:15,11:24
20211209,TTA33,PDX,12:15,12:23,SEA,13:15,13:23
20211209,TTA12,SEA,14:05,13:59,LAX,16:50,17:08
20211209,TTA22,SEA,13:35,14:16,SFO,15:45,16:25
20211209,TTA34,SEA,14:15,14:20,PDX,15:15,15:26
20211209,TTA35,PDX,16:15,16:22,SEA,17:15,17:28
20211209,TTA13,LAX,18:05,18:08,SEA,20:50,20:51
20211209,TTA23,SFO,17:35,18:15,SEA,19:45,20:26
20211209,TTA36,SEA,18:15,18:17,PDX,19:15,19:57
20211209,TTA37,PDX,20:15,20:17,SEA,21:15,21:27
20211210,TTA10,SEA,06:10,06:10,LAX,08:55,09:00
20211210,TTA30,SEA,06:15,06:20,PDX,07:15,07:13
20211210,TTA20,SEA,06:30,06:29,SFO,08:40,08:48
20211210,TTA31,PDX,08:15,08:29,SEA,09:15,09:23
20211210,TTA11,LAX,09:50,09:55,SEA,12:35,12:35
20211210,TTA21,SFO,10:05,09:58,SEA,12:15,12:15
20211210,TTA32,SEA,10:15,10:34,PDX,11:15,12:15
20211210,TTA33,PDX,12:15,12:11,SEA,13:15,13:15
20211210,TTA12,SEA,14:05,14:13,LAX,16:50,16:54
20211210,TTA22,SEA,13:35,14:16,SFO,15:45,16:01
20211210,TTA34,SEA,14:15,14:25,PDX,15:15,15:17
20211210,TTA35,PDX,16:15,16:15,SEA,17:15,17:29
20211210,TTA23,SFO,17:35,17:31,SEA,19:45,19:54
20211210,TTA13,LAX,18:05,18:01,SEA,20:50,20:52
20211210,TTA36,SEA,18:15,18:24,PDX,19:15,19:25
20211210,TTA37,PDX,20:15,20:23,SEA,21:15,21:25
20211211,TTA30,SEA,06:15,06:20,PDX,07:15,07:15
20211211,TTA10,SEA,06:10,06:21,LAX,08:55,08:53
20211211,TTA20,SEA,06:30,06:37,SFO,08:40,08:49
20211211,TTA31,PDX,08:15,08:10,SEA,09:15,09:10
20211211,TTA11,LAX,09:50,10:02,SEA,12:35,12:36
20211211,TTA21,SFO,10:05,10:06,SEA,12:15,12:25
20211211,TTA32,SEA,10:15,10:25,PDX,11:15,11:17
20211211,TTA33,PDX,12:15,12:15,SEA,13:15,13:21
20211211,TTA22,SEA,13:35,13:49,SFO,15:45,15:45
20211211,TTA12,SEA,14:05,14:06,LAX,16:50,16:59
20211211,TTA34,SEA,14:15,14:24,PDX,15:15,15:08
20211211,TTA35,PDX,16:15,16:19,SEA,17:15,17:24
20211211,TTA23,SFO,17:35,17:38,SEA,19:45,19:45
20211211,TTA13,LAX,18:05,18:13,SEA,20:50,21:02
20211211,TTA36,SEA,18:15,18:20,PDX,19:15,19:15
20211211,TTA37,PDX,20:15,20:23,SEA,21:15,21:18
20211212,TTA21,SFO,10:05,,SEA,12:15,
20211212,TTA20,SEA,06:30,,SFO,08:40,
20211212,TTA10,SEA,06:10,06:07,LAX,08:55,08:51
20211212,TTA30,SEA,06:15,06:20,PDX,07:15,07:56
20211212,TTA31,PDX,08:15,08:13,SEA,09:15,09:18
20211212,TTA11,LAX,09:50,09:53,SEA,12:35,12:33
20211212,TTA32,SEA,10:15,10:18,PDX,11:15,11:24
20211212,TTA33,PDX,12:15,12:22,SEA,13:15,13:23
20211212,TTA22,SEA,13:35,13:29,SFO,15:45,15:52
20211212,TTA12,SEA,14:05,14:09,LAX,16:50,16:45
20211212,TTA34,SEA,14:15,14:14,PDX,15:15,15:20
20211212,TTA35,PDX,16:15,16:08,SEA,17:15,17:21
20211212,TTA23,SFO,17:35,17:45,SEA,19:45,19:54
20211212,TTA13,LAX,18:05,18:10,SEA,20:50,20:52
20211212,TTA36,SEA,18:15,18:14,PDX,19:15,19:16
20211212,TTA37,PDX,20:15,20:08,SEA,21:15,21:18
20211213,TTA10,SEA,06:10,06:12,LAX,08:55,09:04
20211213,TTA30,SEA,06:15,06:23,PDX,07:15,07:21
20211213,TTA20,SEA,06:30,06:40,SFO,08:40,08:59
20211213,TTA31,PDX,08:15,08:27,SEA,09:15,09:18
20211213,TTA11,LAX,09:50,09:57,SEA,12:35,12:42
20211213,TTA21,SFO,10:05,10:12,SEA,12:15,12:35
20211213,TTA32,SEA,10:15,10:31,PDX,11:15,11:15
20211213,TTA33,PDX,12:15,12:19,SEA,13:15,13:16
20211213,TTA22,SEA,13:35,13:37,SFO,15:45,15:52
20211213,TTA12,SEA,14:05,14:08,LAX,16:50,16:52
20211213,TTA34,SEA,14:15,14:13,PDX,15:15,15:12
20211213,TTA35,PDX,16:15,16:15,SEA,17:15,17:11
20211213,TTA23,SFO,17:35,17:45,SEA,19:45,19:55
20211213,TTA36,SEA,18:15,18:24,PDX,19:15,19:14
20211213,TTA13,LAX,18:05,19:41,SEA,20:50,20:54
20211213,TTA37,PDX,20:15,20:21,SEA,21:15,21:24
20211214,TTA10,SEA,06:10,06:10,LAX,08:55,09:03
20211214,TTA30,SEA,06:15,06:16,PDX,07:15,07:23
20211214,TTA20,SEA,06:30,06:35,SFO,08:40,09:35
20211214,TTA31,PDX,08:15,08:23,SEA,09:15,09:29
20211214,TTA11,LAX,09:50,09:56,SEA,12:35,12:35
20211214,TTA21,SFO,10:05,10:05,SEA,12:15,13:30
20211214,TTA32,SEA,10:15,10:10,PDX,11:15,11:15
20211214,TTA33,PDX,12:15,12:33,SEA,13:15,13:26
20211214,TTA22,SEA,13:35,13:36,SFO,15:45,15:49
20211214,TTA12,SEA,14:05,14:12,LAX,16:50,16:58
20211214,TTA34,SEA,14:15,14:25,PDX,15:15,15:13
20211214,TTA35,PDX,16:15,16:13,SEA,17:15,17:11
20211214,TTA23,SFO,17:35,17:34,SEA,19:45,19:44
20211214,TTA13,LAX,18:05,18:05,SEA,20:50,20:51
20211214,TTA36,SEA,18:15,18:15,PDX,19:15,19:25
20211214,TTA37,PDX,20:15,20:26,SEA,21:15,21:15
20211215,TTA10,SEA,06:10,06:11,LAX,08:55,08:52
20211215,TTA20,SEA,06:30,06:50,SFO,08:40,08:34
20211215,TTA30,SEA,06:15,06:57,PDX,07:15,07:16
20211215,TTA31,PDX,08:15,08:56,SEA,09:15,10:50
20211215,TTA11,LAX,09:50,10:00,SEA,12:35,13:30
20211215,TTA21,SFO,10:05,10:03,SEA,12:15,12:21
20211215,TTA32,SEA,10:15,10:15,PDX,11:15,11:30
20211215,TTA33,PDX,12:15,12:10,SEA,13:15,13:22
20211215,TTA22,SEA,13:35,13:35,SFO,15:45,15:44
20211215,TTA34,SEA,14:15,14:14,PDX,15:15,15:18
20211215,TTA12,SEA,14:05,15:00,LAX,16:50,16:57
20211215,TTA35,PDX,16:15,16:16,SEA,17:15,17:25
20211215,TTA23,SFO,17:35,17:34,SEA,19:45,19:55
20211215,TTA13,LAX,18:05,18:04,SEA,20:50,20:49
20211215,TTA36,SEA,18:15,18:18,PDX,19:15,19:57
20211215,TTA37,PDX,20:15,20:17,SEA,21:15,21:15
20211216,TTA10,SEA,06:10,06:09,LAX,08:55,09:00
20211216,TTA20,SEA,06:30,06:33,SFO,08:40,08:48
20211216,TTA30,SEA,06:15,06:33,PDX,07:15,07:17
20211216,TTA31,PDX,08:15,08:25,SEA,09:15,09:18
20211216,TTA11,LAX,09:50,09:50,SEA,12:35,12:35
20211216,TTA21,SFO,10:05,10:06,SEA,12:15,12:27
20211216,TTA32,SEA,10:15,10:33,PDX,11:15,11:23
20211216,TTA33,PDX,12:15,12:18,SEA,13:15,13:27
20211216,TTA22,SEA,13:35,13:52,SFO,15:45,15:50
20211216,TTA12,SEA,14:05,14:10,LAX,16:50,16:56
20211216,TTA34,SEA,14:15,14:21,PDX,15:15,15:12
20211216,TTA35,PDX,16:15,16:17,SEA,17:15,17:17
20211216,TTA23,SFO,17:35,17:38,SEA,19:45,19:50
20211216,TTA13,LAX,18:05,18:09,SEA,20:50,20:52
20211216,TTA36,SEA,18:15,18:25,PDX,19:15,19:29
20211216,TTA37,PDX,20:15,20:20,SEA,21:15,21:24
20211217,TTA10,SEA,06:10,06:12,LAX,08:55,09:01
20211217,TTA30,SEA,06:15,06:21,PDX,07:15,07:16
20211217,TTA20,SEA,06:30,06:42,SFO,08:40,08:40
20211217,TTA11,LAX,09:50,09:50,SEA,12:35,12:43
20211217,TTA31,PDX,08:15,09:50,SEA,09:15,09:12
20211217,TTA21,SFO,10:05,10:11,SEA,12:15,12:23
20211217,TTA32,SEA,10:15,10:30,PDX,11:15,11:11
20211217,TTA33,PDX,12:15,12:25,SEA,13:15,13:14
20211217,TTA22,SEA,13:35,13:36,SFO,15:45,15:50
20211217,TTA12,SEA,14:05,14:11,LAX,16:50,16:51
20211217,TTA34,SEA,14:15,14:27,PDX,15:15,15:15
20211217,TTA35,PDX,16:15,16:21,SEA,17:15,17:24
20211217,TTA23,SFO,17:35,17:33,SEA,19:45,19:41
20211217,TTA36,SEA,18:15,18:14,PDX,19:15,20:51
20211217,TTA13,LAX,18:05,18:21,SEA,20:50,21:07
20211217,TTA37,PDX,20:15,20:15,SEA,21:15,21:12
20211218,TTA37,PDX,20:15,,SEA,21:15,
20211218,TTA36,SEA,18:15,,PDX,19:15,
20211218,TTA10,SEA,06:10,06:09,LAX,08:55,10:30
20211218,TTA30,SEA,06:15,06:10,PDX,07:15,07:09
20211218,TTA20,SEA,06:30,06:33,SFO,08:40,08:50
20211218,TTA31,PDX,08:15,08:11,SEA,09:15,09:15
20211218,TTA11,LAX,09:50,09:49,SEA,12:35,12:39
20211218,TTA21,SFO,10:05,10:03,SEA,12:15,12:15
20211218,TTA32,SEA,10:15,10:13,PDX,11:15,11:09
20211218,TTA33,PDX,12:15,12:08,SEA,13:15,13:20
20211218,TTA22,SEA,13:35,13:32,SFO,15:45,15:42
20211218,TTA12,SEA,14:05,14:08,LAX,16:50,16:51
20211218,TTA34,SEA,14:15,14:14,PDX,15:15,15:17
20211218,TTA35,PDX,16:15,16:56,SEA,17:15,17:23
20211218,TTA23,SFO,17:35,17:43,SEA,19:45,19:41
20211218,TTA13,LAX,18:05,18:14,SEA,20:50,20:46
20211219,TTA30,SEA,06:15,06:08,PDX,07:15,07:13
20211219,TTA10,SEA,06:10,06:20,LAX,08:55,08:53
20211219,TTA20,SEA,06:30,06:39,SFO,08:40,08:40
20211219,TTA31,PDX,08:15,08:11,SEA,09:15,09:15
20211219,TTA11,LAX,09:50,09:51,SEA,12:35,12:51
20211219,TTA21,SFO,10:05,10:10,SEA,12:15,12:23
20211219,TTA32,SEA,10:15,10:55,PDX,11:15,11:21
20211219,TTA33,PDX,12:15,12:10,SEA,13:15,13:21
20211219,TTA22,SEA,13:35,13:43,SFO,15:45,15:55
20211219,TTA12,SEA,14:05,14:05,LAX,16:50,16:50
20211219,TTA34,SEA,14:15,14:18,PDX,15:15,15:23
20211219,TTA35,PDX,16:15,16:13,SEA,17:15,17:15
20211219,TTA23,SFO,17:35,17:37,SEA,19:45,19:44
20211219,TTA13,LAX,18:05,18:09,SEA,20:50,20:57
20211219,TTA36,SEA,18:15,18:26,PDX,19:15,19:27
20211219,TTA37,PDX,20:15,20:16,SEA,21:15,21:14
20211220,TTA13,LAX,18:05,,SEA,20:50,
20211220,TTA12,SEA,14:05,,LAX,16:50,
20211220,TTA10,SEA,06:10,06:18,LAX,08:55,09:05
20211220,TTA30,SEA,06:15,06:26,PDX,07:15,07:10
20211220,TTA20,SEA,06:30,06:47,SFO,08:40,08:45
20211220,TTA31,PDX,08:15,08:19,SEA,09:15,09:11
20211220,TTA11,LAX,09:50,09:56,SEA,12:35,12:43
20211220,TTA21,SFO,10:05,10:06,SEA,12:15,12:36
20211220,TTA32,SEA,10:15,10:55,PDX,11:15,11:09
20211220,TTA33,PDX,12:15,12:15,SEA,13:15,13:11
20211220,TTA22,SEA,13:35,13:35,SFO,15:45,15:46
20211220,TTA34,SEA,14:15,14:12,PDX,15:15,15:24
20211220,TTA35,PDX,16:15,16:22,SEA,17:15,17:56
20211220,TTA23,SFO,17:35,17:50,SEA,19:45,19:55
20211220,TTA36,SEA,18:15,18:20,PDX,19:15,19:11
20211220,TTA37,PDX,20:15,20:15,SEA,21:15,21:25
20211221,TTA30,SEA,06:15,06:14,PDX,07:15,07:22
20211221,TTA10,SEA,06:10,06:20,LAX,08:55,08:53
20211221,TTA20,SEA,06:30,06:27,SFO,08:40,08:47
20211221,TTA31,PDX,08:15,08:28,SEA,09:15,09:18
20211221,TTA11,LAX,09:50,09:48,SEA,12:35,12:42
20211221,TTA21,SFO,10:05,10:08,SEA,12:15,12:37
20211221,TTA32,SEA,10:15,10:28,PDX,11:15,11:21
20211221,TTA33,PDX,12:15,12:11,SEA,13:15,13:18
20211221,TTA22,SEA,13:35,13:38,SFO,15:45,15:51
20211221,TTA12,SEA,14:05,14:03,LAX,16:50,16:54
20211221,TTA34,SEA,14:15,14:13,PDX,15:15,15:33
20211221,TTA35,PDX,16:15,16:20,SEA,17:15,17:16
20211221,TTA23,SFO,17:35,17:43,SEA,19:45,19:40
20211221,TTA13,LAX,18:05,18:11,SEA,20:50,20:48
20211221,TTA36,SEA,18:15,18:19,PDX,19:15,19:15
20211221,TTA37,PDX,20:15,20:20,SEA,21:15,21:23
20211222,TTA10,SEA,06:10,06:15,LAX,08:55,08:55
20211222,TTA30,SEA,06:15,06:18,PDX,07:15,07:24
20211222,TTA20,SEA,06:30,06:50,SFO,08:40,08:48
20211222,TTA31,PDX,08:15,08:27,SEA,09:15,09:12
20211222,TTA21,SFO,10:05,10:09,SEA,12:15,12:23
20211222,TTA32,SEA,10:15,10:16,PDX,11:15,11:16
20211222,TTA11,LAX,09:50,10:32,SEA,12:35,12:38
20211222,TTA33,PDX,12:15,12:22,SEA,13:15,13:22
20211222,TTA22,SEA,13:35,13:43,SFO,15:45,15:50
20211222,TTA34,SEA,14:15,14:15,PDX,15:15,15:29
20211222,TTA12,SEA,14:05,15:00,LAX,16:50,17:02
20211222,TTA35,PDX,16:15,16:27,SEA,17:15,17:11
20211222,TTA23,SFO,17:35,17:34,SEA,19:45,19:53
20211222,TTA13,LAX,18:05,18:08,SEA,20:50,20:57
20211222,TTA36,SEA,18:15,18:12,PDX,19:15,19:24
20211222,TTA37,PDX,20:15,20:16,SEA,21:15,21:28
20211223,TTA30,SEA,06:15,06:13,PDX,07:15,07:24
20211223,TTA10,SEA,06:10,06:18,LAX,08:55,08:51
20211223,TTA20,SEA,06:30,06:30,SFO,08:40,08:58
20211223,TTA31,PDX,08:15,08:33,SEA,09:15,09:25
20211223,TTA11,LAX,09:50,09:53,SEA,12:35,14:10
20211223,TTA32,SEA,10:15,10:21,PDX,11:15,11:10
20211223,TTA21,SFO,10:05,10:47,SEA,12:15,12:13
20211223,TTA33,PDX,12:15,12:18,SEA,13:15,13:20
20211223,TTA22,SEA,13:35,13:29,SFO,15:45,16:05
20211223,TTA12,SEA,14:05,14:05,LAX,16:50,16:52
20211223,TTA34,SEA,14:15,14:15,PDX,15:15,15:16
20211223,TTA35,PDX,16:15,16:14,SEA,17:15,17:34
20211223,TTA23,SFO,17:35,17:44,SEA,19:45,19:42
20211223,TTA13,LAX,18:05,18:18,SEA,20:50,20:50
20211223,TTA36,SEA,18:15,18:35,PDX,19:15,19:13
20211223,TTA37,PDX,20:15,20:31,SEA,21:15,21:14
20211224,TTA10,SEA,06:10,06:14,LAX,08:55,09:07
20211224,TTA30,SEA,06:15,06:19,PDX,07:15,07:21
20211224,TTA20,SEA,06:30,07:25,SFO,08:40,08:33
20211224,TTA31,PDX,08:15,08:11,SEA,09:15,09:23
20211224,TTA11,LAX,09:50,09:53,SEA,12:35,12:35
20211224,TTA21,SFO,10:05,10:13,SEA,12:15,12:14
20211224,TTA32,SEA,10:15,10:25,PDX,11:15,11:13
20211224,TTA33,PDX,12:15,12:13,SEA,13:15,13:17
20211224,TTA12,SEA,14:05,14:09,LAX,16:50,16:50
20211224,TTA34,SEA,14:15,14:17,PDX,15:15,15:14
20211224,TTA22,SEA,13:35,15:11,SFO,15:45,15:40
20211224,TTA35,PDX,16:15,16:29,SEA,17:15,17:15
20211224,TTA23,SFO,17:35,17:39,SEA,19:45,19:59
20211224,TTA13,LAX,18:05,18:15,SEA,20:50,21:31
20211224,TTA36,SEA,18:15,18:17,PDX,19:15,20:10
20211224,TTA37,PDX,20:15,20:17,SEA,21:15,21:18
20211225,TTA10,SEA,06:10,06:12,LAX,08:55,08:52
20211225,TTA20,SEA,06:30,06:30,SFO,08:40,08:40
20211225,TTA30,SEA,06:15,06:30,PDX,07:15,07:10
20211225,TTA31,PDX,08:15,08:14,SEA,09:15,09:23
20211225,TTA11,LAX,09:50,09:53,SEA,12:35,12:39
20211225,TTA32,SEA,10:15,10:22,PDX,11:15,11:14
20211225,TTA21,SFO,10:05,10:47,SEA,12:15,12:18
20211225,TTA33,PDX,12:15,12:13,SEA,13:15,13:31
20211225,TTA22,SEA,13:35,13:45,SFO,15:45,15:51
20211225,TTA34,SEA,14:15,14:13,PDX,15:15,15:15
20211225,TTA12,SEA,14:05,14:17,LAX,16:50,16:58
20211225,TTA35,PDX,16:15,16:10,SEA,17:15,17:23
20211225,TTA23,SFO,17:35,17:42,SEA,19:45,19:46
20211225,TTA13,LAX,18:05,18:05,SEA,20:50,20:57
20211225,TTA36,SEA,18:15,18:35,PDX,19:15,19:20
20211225,TTA37,PDX,20:15,20:08,SEA,21:15,21:23
20211226,TTA30,SEA,06:15,06:19,PDX,07:15,07:25
20211226,TTA10,SEA,06:10,06:19,LAX,08:55,08:52
20211226,TTA20,SEA,06:30,06:30,SFO,08:40,08:39
20211226,TTA31,PDX,08:15,08:27,SEA,09:15,09:11
20211226,TTA11,LAX,09:50,10:06,SEA,12:35,12:39
20211226,TTA21,SFO,10:05,10:09,SEA,12:15,12:30
20211226,TTA32,SEA,10:15,10:16,PDX,11:15,11:19
20211226,TTA33,PDX,12:15,12:25,SEA,13:15,13:31
20211226,TTA22,SEA,13:35,13:34,SFO,15:45,16:05
20211226,TTA34,SEA,14:15,14:11,PDX,15:15,15:33
20211226,TTA12,SEA,14:05,14:16,LAX,16:50,17:00
20211226,TTA35,PDX,16:15,16:16,SEA,17:15,17:14
20211226,TTA23,SFO,17:35,17:33,SEA,19:45,19:45
20211226,TTA13,LAX,18:05,18:06,SEA,20:50,20:58
20211226,TTA36,SEA,18:15,18:15,PDX,19:15,20:10
20211226,TTA37,PDX,20:15,20:17,SEA,21:15,21:26
20211227,TTA30,SEA,06:15,06:21,PDX,07:15,08:15
20211227,TTA10,SEA,06:10,06:21,LAX,08:55,08:53
20211227,TTA20,SEA,06:30,06:36,SFO,08:40,08:49
20211227,TTA31,PDX,08:15,08:34,SEA,09:15,09:13
20211227,TTA11,LAX,09:50,09:49,SEA,12:35,12:35
20211227,TTA21,SFO,10:05,10:05,SEA,12:15,12:30
20211227,TTA32,SEA,10:15,10:13,PDX,11:15,11:25
20211227,TTA33,PDX,12:15,12:34,SEA,13:15,13:18
20211227,TTA22,SEA,13:35,13:34,SFO,15:45,15:44
20211227,TTA12,SEA,14:05,14:06,LAX,16:50,17:32
20211227,TTA34,SEA,14:15,14:15,PDX,15:15,15:11
20211227,TTA35,PDX,16:15,16:17,SEA,17:15,17:14
20211227,TTA23,SFO,17:35,17:40,SEA,19:45,19:43
20211227,TTA13,LAX,18:05,18:03,SEA,20:50,20:52
20211227,TTA36,SEA,18:15,18:23,PDX,19:15,19:18
20211227,TTA37,PDX,20:15,20:17,SEA,21:15,21:13
20211228,TTA30,SEA,06:15,06:09,PDX,07:15,07:11
20211228,TTA10,SEA,06:10,06:13,LAX,08:55,08:59
20211228,TTA20,SEA,06:30,06:39,SFO,08:40,08:47
20211228,TTA31,PDX,08:15,08:20,SEA,09:15,09:22
20211228,TTA11,LAX,09:50,09:45,SEA,12:35,12:31
20211228,TTA21,SFO,10:05,10:09,SEA,12:15,12:39
20211228,TTA32,SEA,10:15,10:23,PDX,11:15,11:13
20211228,TTA33,PDX,12:15,12:23,SEA,13:15,13:15
20211228,TTA22,SEA,13:35,13:40,SFO,15:45,15:57
20211228,TTA12,SEA,14:05,14:09,LAX,16:50,17:00
20211228,TTA34,SEA,14:15,14:12,PDX,15:15,15:18
20211228,TTA35,PDX,16:15,16:25,SEA,17:15,17:11
20211228,TTA23,SFO,17:35,17:35,SEA,19:45,19:51
20211228,TTA13,LAX,18:05,18:02,SEA,20:50,20:53
20211228,TTA36,SEA,18:15,18:25,PDX,19:15,19:11
20211228,TTA37,PDX,20:15,20:22,SEA,21:15,21:13
20211229,TTA10,SEA,06:10,06:09,LAX,08:55,08:51
20211229,TTA30,SEA,06:15,06:12,PDX,07:15,07:26
20211229,TTA20,SEA,06:30,06:23,SFO,08:40,08:44
20211229,TTA31,PDX,08:15,08:13,SEA,09:15,09:22
20211229,TTA11,LAX,09:50,09:56,SEA,12:35,12:43
20211229,TTA21,SFO,10:05,10:04,SEA,12:15,12:15
20211229,TTA32,SEA,10:15,10:24,PDX,11:15,11:16
20211229,TTA33,PDX,12:15,12:20,SEA,13:15,13:14
20211229,TTA22,SEA,13:35,13:45,SFO,15:45,15:46
20211229,TTA12,SEA,14:05,14:05,LAX,16:50,17:04
20211229,TTA34,SEA,14:15,14:15,PDX,15:15,15:19
20211229,TTA35,PDX,16:15,16:23,SEA,17:15,17:12
20211229,TTA23,SFO,17:35,17:40,SEA,19:45,19:45
20211229,TTA13,LAX,18:05,18:05,SEA,20:50,20:47
20211229,TTA36,SEA,18:15,18:25,PDX,19:15,19:14
20211229,TTA37,PDX,20:15,20:24,SEA,21:15,21:34
20211230,TTA10,SEA,06:10,06:22,LAX,08:55,08:55
20211230,TTA30,SEA,06:15,06:25,PDX,07:15,07:15
20211230,TTA20,SEA,06:30,06:30,SFO,08:40,10:16
20211230,TTA31,PDX,08:15,08:10,SEA,09:15,09:20
20211230,TTA11,LAX,09:50,10:01,SEA,12:35,12:45
20211230,TTA32,SEA,10:15,10:23,PDX,11:15,11:10
20211230,TTA21,SFO,10:05,11:05,SEA,12:15,12:30
20211230,TTA33,PDX,12:15,12:14,SEA,13:15,13:18
20211230,TTA22,SEA,13:35,13:36,SFO,15:45,15:49
20211230,TTA12,SEA,14:05,13:59,LAX,16:50,16:51
20211230,TTA34,SEA,14:15,14:16,PDX,15:15,15:25
20211230,TTA35,PDX,16:15,16:24,SEA,17:15,17:15
20211230,TTA23,SFO,17:35,17:43,SEA,19:45,19:55
20211230,TTA36,SEA,18:15,18:31,PDX,19:15,19:23
20211230,TTA13,LAX,18:05,18:45,SEA,20:50,21:50
20211230,TTA37,PDX,20:15,20:24,SEA,21:15,22:50
20211231,TTA13,LAX,18:05,,SEA,20:50,
20211231,TTA12,SEA,14:05,,LAX,16:50,
20211231,TTA22,SEA,13:35,,SFO,15:45,
20211231,TTA23,SFO,17:35,,SEA,19:45,
20211231,TTA10,SEA,06:10,06:11,LAX,08:55,08:50
20211231,TTA30,SEA,06:15,06:15,PDX,07:15,07:18
20211231,TTA20,SEA,06:30,06:40,SFO,08:40,08:46
20211231,TTA31,PDX,08:15,08:15,SEA,09:15,09:10
20211231,TTA11,LAX,09:50,09:50,SEA,12:35,12:44
20211231,TTA21,SFO,10:05,10:01,SEA,12:15,12:20
20211231,TTA32,SEA,10:15,10:23,PDX,11:15,11:25
20211231,TTA33,PDX,12:15,12:10,SEA,13:15,13:15
20211231,TTA34,SEA,14:15,14:18,PDX,15:15,15:17
20211231,TTA35,PDX,16:15,17:15,SEA,17:15,17:22
20211231,TTA36,SEA,18:15,18:56,PDX,19:15,19:11
20211231,TTA37,PDX,20:15,20:11,SEA,21:15,21:23
20220101,TTA23,SFO,17:35,,SEA,19:45,
20220101,TTA22,SEA,13:35,,SFO,15:45,
20220101,TTA12,SEA,14:05,,LAX,16:50,
20220101,TTA13,LAX,18:05,,SEA,20:50,
20220101,TTA20,SEA,06:30,06:25,SFO,08:40,10:18
20220101,TTA10,SEA,06:10,06:26,LAX,08:55,08:50
20220101,TTA30,SEA,06:15,06:31,PDX,07:15,07:17
20220101,TTA31,PDX,08:15,08:13,SEA,09:15,09:25
20220101,TTA11,LAX,09:50,09:50,SEA,12:35,12:38
20220101,TTA21,SFO,10:05,10:01,SEA,12:15,12:23
20220101,TTA32,SEA,10:15,10:26,PDX,11:15,12:52
20220101,TTA33,PDX,12:15,12:25,SEA,13:15,13:12
20220101,TTA34,SEA,14:15,14:17,PDX,15:15,15:56
20220101,TTA35,PDX,16:15,16:15,SEA,17:15,17:15
20220101,TTA36,SEA,18:15,19:51,PDX,19:15,19:57
20220101,TTA37,PDX,20:15,21:50,SEA,21:15,21:17
20220102,TTA10,SEA,06:10,06:12,LAX,08:55,09:02
20220102,TTA30,SEA,06:15,06:19,PDX,07:15,07:18
20220102,TTA20,SEA,06:30,06:32,SFO,08:40,10:16
20220102,TTA31,PDX,08:15,08:25,SEA,09:15,09:22
20220102,TTA11,LAX,09:50,09:56,SEA,12:35,12:43
20220102,TTA21,SFO,10:05,10:05,SEA,12:15,12:31
20220102,TTA32,SEA,10:15,10:30,PDX,11:15,11:22
20220102,TTA33,PDX,12:15,12:18,SEA,13:15,13:12
20220102,TTA22,SEA,13:35,13:43,SFO,15:45,15:53
20220102,TTA12,SEA,14:05,14:10,LAX,16:50,16:59
20220102,TTA34,SEA,14:15,14:14,PDX,15:15,15:15
20220102,TTA35,PDX,16:15,16:24,SEA,17:15,17:26
20220102,TTA23,SFO,17:35,17:42,SEA,19:45,19:50
20220102,TTA13,LAX,18:05,18:02,SEA,20:50,21:45
20220102,TTA36,SEA,18:15,18:23,PDX,19:15,19:26
20220102,TTA37,PDX,20:15,20:18,SEA,21:15,21:25
20220103,TTA10,SEA,06:10,06:12,LAX,08:55,09:01
20220103,TTA30,SEA,06:15,06:16,PDX,07:15,07:18
20220103,TTA20,SEA,06:30,07:12,SFO,08:40,08:38
20220103,TTA31,PDX,08:15,08:11,SEA,09:15,09:27
20220103,TTA11,LAX,09:50,10:00,SEA,12:35,12:35
20220103,TTA21,SFO,10:05,10:10,SEA,12:15,12:32
20220103,TTA32,SEA,10:15,10:30,PDX,11:15,11:35
20220103,TTA33,PDX,12:15,12:16,SEA,13:15,13:14
20220103,TTA12,SEA,14:05,14:05,LAX,16:50,17:03
20220103,TTA34,SEA,14:15,14:15,PDX,15:15,15:13
20220103,TTA35,PDX,16:15,17:10,SEA,17:15,17:56
20220103,TTA13,LAX,18:05,18:03,SEA,20:50,20:48
20220103,TTA36,SEA,18:15,18:16,PDX,19:15,19:26
20220103,TTA37,PDX,20:15,20:24,SEA,21:15,21:17
20220104,TTA10,SEA,06:10,06:08,LAX,08:55,09:02
20220104,TTA20,SEA,06:30,06:35,SFO,08:40,08:41
20220104,TTA30,SEA,06:15,07:15,PDX,07:15,07:23
20220104,TTA31,PDX,08:15,08:21,SEA,09:15,09:24
20220104,TTA11,LAX,09:50,09:58,SEA,12:35,12:41
20220104,TTA21,SFO,10:05,10:13,SEA,12:15,12:28
20220104,TTA32,SEA,10:15,10:19,PDX,11:15,11:21
20220104,TTA33,PDX,12:15,12:35,SEA,13:15,13:18
20220104,TTA22,SEA,13:35,13:41,SFO,15:45,15:47
20220104,TTA12,SEA,14:05,14:03,LAX,16:50,16:55
20220104,TTA34,SEA,14:15,14:14,PDX,15:15,15:11
20220104,TTA35,PDX,16:15,16:21,SEA,17:15,17:55
20220104,TTA23,SFO,17:35,17:43,SEA,19:45,19:54
20220104,TTA13,LAX,18:05,18:03,SEA,20:50,20:58
20220104,TTA36,SEA,18:15,18:22,PDX,19:15,19:14
20220104,TTA37,PDX,20:15,21:52,SEA,21:15,21:22
20220105,TTA10,SEA,06:10,06:21,LAX,08:55,08:55
20220105,TTA30,SEA,06:15,06:24,PDX,07:15,07:21
20220105,TTA20,SEA,06:30,06:35,SFO,08:40,08:37
20220105,TTA31,PDX,08:15,08:22,SEA,09:15,09:23
20220105,TTA11,LAX,09:50,09:49,SEA,12:35,12:31
20220105,TTA21,SFO,10:05,10:04,SEA,12:15,12:15
20220105,TTA32,SEA,10:15,10:23,PDX,11:15,11:34
20220105,TTA33,PDX,12:15,12:23,SEA,13:15,13:33
20220105,TTA12,SEA,14:05,14:05,LAX,16:50,17:00
20220105,TTA22,SEA,13:35,14:17,SFO,15:45,17:22
20220105,TTA34,SEA,14:15,14:19,PDX,15:15,15:31
20220105,TTA35,PDX,16:15,16:10,SEA,17:15,17:19
20220105,TTA23,SFO,17:35,17:38,SEA,19:45,19:56
20220105,TTA13,LAX,18:05,18:04,SEA,20:50,22:25
20220105,TTA36,SEA,18:15,18:15,PDX,19:15,19:34
20220105,TTA37,PDX,20:15,20:24,SEA,21:15,21:24
20220106,TTA30,SEA,06:15,06:11,PDX,07:15,07:21
20220106,TTA10,SEA,06:10,06:11,LAX,08:55,08:59
20220106,TTA20,SEA,06:30,06:41,SFO,08:40,08:39
20220106,TTA31,PDX,08:15,08:15,SEA,09:15,09:12
20220106,TTA11,LAX,09:50,09:56,SEA,12:35,12:47
20220106,TTA21,SFO,10:05,10:20,SEA,12:15,12:21
20220106,TTA32,SEA,10:15,10:21,PDX,11:15,11:22
20220106,TTA33,PDX,12:15,12:18,SEA,13:15,13:24
20220106,TTA22,SEA,13:35,13:47,SFO,15:45,15:52
20220106,TTA12,SEA,14:05,14:10,LAX,16:50,16:53
20220106,TTA34,SEA,14:15,14:25,PDX,15:15,15:30
20220106,TTA35,PDX,16:15,17:15,SEA,17:15,17:17
20220106,TTA23,SFO,17:35,17:43,SEA,19:45,19:51
20220106,TTA13,LAX,18:05,18:09,SEA,20:50,21:32
20220106,TTA36,SEA,18:15,19:15,PDX,19:15,19:17
20220106,TTA37,PDX,20:15,20:14,SEA,21:15,21:20
20220107,TTA30,SEA,06:15,06:14,PDX,07:15,07:11
20220107,TTA10,SEA,06:10,06:17,LAX,08:55,08:56
20220107,TTA20,SEA,06:30,06:32,SFO,08:40,08:39
20220107,TTA31,PDX,08:15,08:16,SEA,09:15,09:22
20220107,TTA11,LAX,09:50,10:02,SEA,12:35,12:43
20220107,TTA21,SFO,10:05,10:23,SEA,12:15,12:56
20220107,TTA32,SEA,10:15,10:26,PDX,11:15,11:22
20220107,TTA33,PDX,12:15,12:22,SEA,13:15,13:31
20220107,TTA12,SEA,14:05,14:06,LAX,16:50,16:51
20220107,TTA34,SEA,14:15,14:15,PDX,15:15,15:27
20220107,TTA35,PDX,16:15,16:20,SEA,17:15,17:20
20220107,TTA13,LAX,18:05,18:02,SEA,20:50,20:53
20220107,TTA36,SEA,18:15,18:35,PDX,19:15,19:21
20220107,TTA37,PDX,20:15,20:16,SEA,21:15,21:13
20220108,TTA10,SEA,06:10,06:11,LAX,08:55,09:00
20220108,TTA30,SEA,06:15,06:15,PDX,07:15,07:11
20220108,TTA20,SEA,06:30,06:33,SFO,08:40,08:44
20220108,TTA31,PDX,08:15,08:15,SEA,09:15,09:12
20220108,TTA21,SFO,10:05,10:05,SEA,12:15,12:34
20220108,TTA11,LAX,09:50,10:06,SEA,12:35,12:43
20220108,TTA32,SEA,10:15,10:31,PDX,11:15,11:24
20220108,TTA33,PDX,12:15,12:11,SEA,13:15,13:18
20220108,TTA22,SEA,13:35,13:36,SFO,15:45,15:46
20220108,TTA12,SEA,14:05,14:10,LAX,16:50,17:04
20220108,TTA34,SEA,14:15,14:21,PDX,15:15,15:23
20220108,TTA35,PDX,16:15,16:15,SEA,17:15,17:13
20220108,TTA23,SFO,17:35,17:37,SEA,19:45,19:51
20220108,TTA13,LAX,18:05,18:11,SEA,20:50,20:51
20220108,TTA36,SEA,18:15,18:18,PDX,19:15,19:20
20220108,TTA37,PDX,20:15,20:10,SEA,21:15,21:29
20220109,TTA33,PDX,12:15,,SEA,13:15,
20220109,TTA32,SEA,10:15,,PDX,11:15,
20220109,TTA10,SEA,06:10,06:12,LAX,08:55,09:02
20220109,TTA30,SEA,06:15,06:15,PDX,07:15,07:20
20220109,TTA20,SEA,06:30,06:40,SFO,08:40,08:49
20220109,TTA31,PDX,08:15,08:28,SEA,09:15,09:24
20220109,TTA11,LAX,09:50,10:02,SEA,12:35,12:44
20220109,TTA21,SFO,10:05,10:07,SEA,12:15,12:30
20220109,TTA22,SEA,13:35,13:35,SFO,15:45,15:53
20220109,TTA34,SEA,14:15,14:13,PDX,15:15,15:12
20220109,TTA12,SEA,14:05,14:21,LAX,16:50,16:51
20220109,TTA35,PDX,16:15,16:23,SEA,17:15,17:11
20220109,TTA23,SFO,17:35,17:33,SEA,19:45,19:43
20220109,TTA13,LAX,18:05,18:07,SEA,20:50,20:51
20220109,TTA36,SEA,18:15,18:17,PDX,19:15,19:23
20220109,TTA37,PDX,20:15,20:22,SEA,21:15,21:16
20220110,TTA37,PDX,20:15,,SEA,21:15,
20220110,TTA36,SEA,18:15,,PDX,19:15,
20220110,TTA30,SEA,06:15,06:15,PDX,07:15,07:26
20220110,TTA20,SEA,06:30,06:25,SFO,08:40,08:37
20220110,TTA10,SEA,06:10,07:47,LAX,08:55,08:57
20220110,TTA31,PDX,08:15,08:19,SEA,09:15,09:22
20220110,TTA11,LAX,09:50,09:50,SEA,12:35,12:40
20220110,TTA21,SFO,10:05,10:16,SEA,12:15,12:30
20220110,TTA32,SEA,10:15,10:24,PDX,11:15,11:28
20220110,TTA33,PDX,12:15,12:22,SEA,13:15,13:10
20220110,TTA12,SEA,14:05,14:01,LAX,16:50,16:51
20220110,TTA34,SEA,14:15,15:50,PDX,15:15,15:23
20220110,TTA35,PDX,16:15,16:24,SEA,17:15,17:24
20220110,TTA13,LAX,18:05,18:11,SEA,20:50,20:52
20220111,TTA10,SEA,06:10,06:11,LAX,08:55,08:59
20220111,TTA30,SEA,06:15,06:22,PDX,07:15,07:22
20220111,TTA20,SEA,06:30,06:48,SFO,08:40,08:40
20220111,TTA31,PDX,08:15,08:25,SEA,09:15,09:15
20220111,TTA11,LAX,09:50,09:58,SEA,12:35,12:42
20220111,TTA21,SFO,10:05,10:11,SEA,12:15,12:36
20220111,TTA32,SEA,10:15,10:15,PDX,11:15,11:20
20220111,TTA33,PDX,12:15,12:14,SEA,13:15,13:23
20220111,TTA22,SEA,13:35,13:45,SFO,15:45,15:45
20220111,TTA12,SEA,14:05,14:13,LAX,16:50,16:50
20220111,TTA34,SEA,14:15,14:20,PDX,15:15,15:14
20220111,TTA35,PDX,16:15,16:19,SEA,17:15,18:51
20220111,TTA23,SFO,17:35,17:37,SEA,19:45,19:41
20220111,TTA13,LAX,18:05,18:06,SEA,20:50,20:55
20220111,TTA36,SEA,18:15,18:31,PDX,19:15,19:33
20220111,TTA37,PDX,20:15,20:20,SEA,21:15,21:25
20220112,TTA10,SEA,06:10,06:06,LAX,08:55,09:00
20220112,TTA30,SEA,06:15,06:13,PDX,07:15,07:20
20220112,TTA20,SEA,06:30,06:29,SFO,08:40,08:40
20220112,TTA31,PDX,08:15,08:25,SEA,09:15,09:25
20220112,TTA11,LAX,09:50,09:59,SEA,12:35,12:35
20220112,TTA21,SFO,10:05,10:06,SEA,12:15,12:20
20220112,TTA32,SEA,10:15,10:25,PDX,11:15,11:18
20220112,TTA33,PDX,12:15,12:14,SEA,13:15,13:13
20220112,TTA22,SEA,13:35,13:37,SFO,15:45,15:42
20220112,TTA12,SEA,14:05,14:08,LAX,16:50,16:57
20220112,TTA34,SEA,14:15,14:13,PDX,15:15,15:25
20220112,TTA35,PDX,16:15,16:23,SEA,17:15,17:14
20220112,TTA23,SFO,17:35,17:31,SEA,19:45,19:45
20220112,TTA13,LAX,18:05,18:08,SEA,20:50,21:03
20220112,TTA36,SEA,18:15,18:15,PDX,19:15,19:15
20220112,TTA37,PDX,20:15,20:12,SEA,21:15,21:12
20220113,TTA10,SEA,06:10,06:13,LAX,08:55,09:00
20220113,TTA30,SEA,06:15,06:17,PDX,07:15,07:19
20220113,TTA20,SEA,06:30,06:27,SFO,08:40,08:45
20220113,TTA31,PDX,08:15,08:32,SEA,09:15,09:21
20220113,TTA11,LAX,09:50,10:07,SEA,12:35,12:45
20220113,TTA21,SFO,10:05,10:15,SEA,12:15,12:20
20220113,TTA32,SEA,10:15,10:15,PDX,11:15,11:25
20220113,TTA33,PDX,12:15,12:12,SEA,13:15,13:17
20220113,TTA22,SEA,13:35,13:38,SFO,15:45,15:52
20220113,TTA34,SEA,14:15,14:10,PDX,15:15,15:16
20220113,TTA12,SEA,14:05,15:05,LAX,16:50,16:51
20220113,TTA35,PDX,16:15,16:18,SEA,17:15,17:11
20220113,TTA23,SFO,17:35,17:33,SEA,19:45,19:50
20220113,TTA13,LAX,18:05,18:11,SEA,20:50,20:58
20220113,TTA36,SEA,18:15,18:15,PDX,19:15,19:18
20220113,TTA37,PDX,20:15,20:15,SEA,21:15,21:13
20220114,TTA10,SEA,06:10,06:16,LAX,08:55,08:54
20220114,TTA30,SEA,06:15,06:22,PDX,07:15,07:22
20220114,TTA20,SEA,06:30,06:36,SFO,08:40,08:55
20220114,TTA31,PDX,08:15,09:50,SEA,09:15,09:20
20220114,TTA11,LAX,09:50,09:56,SEA,12:35,12:32
20220114,TTA21,SFO,10:05,10:05,SEA,12:15,12:16
20220114,TTA32,SEA,10:15,10:16,PDX,11:15,11:20
20220114,TTA33,PDX,12:15,12:22,SEA,13:15,13:10
20220114,TTA12,SEA,14:05,14:05,LAX,16:50,16:57
20220114,TTA34,SEA,14:15,14:18,PDX,15:15,15:33
20220114,TTA35,PDX,16:15,16:10,SEA,17:15,17:23
20220114,TTA13,LAX,18:05,18:05,SEA,20:50,20:50
20220114,TTA36,SEA,18:15,18:17,PDX,19:15,19:15
20220114,TTA37,PDX,20:15,20:27,SEA,21:15,21:18
20220115,TTA10,SEA,06:10,06:06,LAX,08:55,09:05
20220115,TTA30,SEA,06:15,06:25,PDX,07:15,07:20
20220115,TTA20,SEA,06:30,06:38,SFO,08:40,08:43
20220115,TTA31,PDX,08:15,08:21,SEA,09:15,09:17
20220115,TTA11,LAX,09:50,09:59,SEA,12:35,13:17
20220115,TTA21,SFO,10:05,10:05,SEA,12:15,12:15
20220115,TTA32,SEA,10:15,10:23,PDX,11:15,11:19
20220115,TTA33,PDX,12:15,12:18,SEA,13:15,13:11
20220115,TTA22,SEA,13:35,13:51,SFO,15:45,15:56
20220115,TTA12,SEA,14:05,14:07,LAX,16:50,16:51
20220115,TTA34,SEA,14:15,14:25,PDX,15:15,15:17
20220115,TTA35,PDX,16:15,16:20,SEA,17:15,17:27
20220115,TTA23,SFO,17:35,17:35,SEA,19:45,19:54
20220115,TTA13,LAX,18:05,18:09,SEA,20:50,20:54
20220115,TTA36,SEA,18:15,18:20,PDX,19:15,20:15
20220115,TTA37,PDX,20:15,20:13,SEA,21:15,21:19
20220116,TTA35,PDX,16:15,,SEA,17:15,
20220116,TTA34,SEA,14:15,,PDX,15:15,
20220116,TTA30,SEA,06:15,06:11,PDX,07:15,07:13
20220116,TTA10,SEA,06:10,06:30,LAX,08:55,09:00
20220116,TTA20,SEA,06:30,06:32,SFO,08:40,08:43
20220116,TTA31,PDX,08:15,08:23,SEA,09:15,09:14
20220116,TTA11,LAX,09:50,09:53,SEA,12:35,12:43
20220116,TTA32,SEA,10:15,10:11,PDX,11:15,11:23
20220116,TTA21,SFO,10:05,10:12,SEA,12:15,12:30
20220116,TTA22,SEA,13:35,13:40,SFO,15:45,15:49
20220116,TTA33,PDX,12:15,13:51,SEA,13:15,14:15
20220116,TTA12,SEA,14:05,14:09,LAX,16:50,17:00
20220116,TTA23,SFO,17:35,17:43,SEA,19:45,19:45
20220116,TTA36,SEA,18:15,18:19,PDX,19:15,19:23
20220116,TTA13,LAX,18:05,18:45,SEA,20:50,20:45
20220116,TTA37,PDX,20:15,20:10,SEA,21:15,21:19
20220117,TTA10,SEA,06:10,06:10,LAX,08:55,09:08
20220117,TTA30,SEA,06:15,06:22,PDX,07:15,07:33
20220117,TTA20,SEA,06:30,06:25,SFO,08:40,09:20
20220117,TTA31,PDX,08:15,08:19,SEA,09:15,09:16
20220117,TTA11,LAX,09:50,09:53,SEA,12:35,12:38
20220117,TTA21,SFO,10:05,10:09,SEA,12:15,12:45
20220117,TTA32,SEA,10:15,10:18,PDX,11:15,11:18
20220117,TTA33,PDX,12:15,12:35,SEA,13:15,13:10
20220117,TTA12,SEA,14:05,14:10,LAX,16:50,17:00
20220117,TTA34,SEA,14:15,14:25,PDX,15:15,15:29
20220117,TTA35,PDX,16:15,16:20,SEA,17:15,17:24
20220117,TTA13,LAX,18:05,18:02,SEA,20:50,20:52
20220117,TTA36,SEA,18:15,18:15,PDX,19:15,19:13
20220117,TTA37,PDX,20:15,20:15,SEA,21:15,21:14
20220118,TTA37,PDX,20:15,,SEA,21:15,
20220118,TTA36,SEA,18:15,,PDX,19:15,
20220118,TTA30,SEA,06:15,06:15,PDX,07:15,07:19
20220118,TTA10,SEA,06:10,06:23,LAX,08:55,09:03
20220118,TTA20,SEA,06:30,06:32,SFO,08:40,08:35
20220118,TTA31,PDX,08:15,08:15,SEA,09:15,09:27
20220118,TTA11,LAX,09:50,09:46,SEA,12:35,13:17
20220118,TTA32,SEA,10:15,10:13,PDX,11:15,11:25
20220118,TTA21,SFO,10:05,10:21,SEA,12:15,12:38
20220118,TTA33,PDX,12:15,12:22,SEA,13:15,14:15
20220118,TTA22,SEA,13:35,13:41,SFO,15:45,16:25
20220118,TTA12,SEA,14:05,14:15,LAX,16:50,16:50
20220118,TTA34,SEA,14:15,14:18,PDX,15:15,15:30
20220118,TTA35,PDX,16:15,16:24,SEA,17:15,17:30
20220118,TTA23,SFO,17:35,17:36,SEA,19:45,19:53
20220118,TTA13,LAX,18:05,18:04,SEA,20:50,22:25
20220119,TTA35,PDX,16:15,,SEA,17:15,
20220119,TTA34,SEA,14:15,,PDX,15:15,
20220119,TTA10,SEA,06:10,06:17,LAX,08:55,09:05
20220119,TTA20,SEA,06:30,06:28,SFO,08:40,08:42
20220119,TTA30,SEA,06:15,06:30,PDX,07:15,07:16
20220119,TTA31,PDX,08:15,08:16,SEA,09:15,09:22
20220119,TTA11,LAX,09:50,09:52,SEA,12:35,12:34
20220119,TTA21,SFO,10:05,10:10,SEA,12:15,12:10
20220119,TTA32,SEA,10:15,10:14,PDX,11:15,11:23
20220119,TTA33,PDX,12:15,12:11,SEA,13:15,13:24
20220119,TTA22,SEA,13:35,13:44,SFO,15:45,15:43
20220119,TTA12,SEA,14:05,14:05,LAX,16:50,16:49
20220119,TTA23,SFO,17:35,17:37,SEA,19:45,19:46
20220119,TTA13,LAX,18:05,19:00,SEA,20:50,20:57
20220119,TTA36,SEA,18:15,19:53,PDX,19:15,19:20
20220119,TTA37,PDX,20:15,20:21,SEA,21:15,21:19
20220120,TTA10,SEA,06:10,06:10,LAX,08:55,08:55
20220120,TTA30,SEA,06:15,06:23,PDX,07:15,07:23
20220120,TTA20,SEA,06:30,06:32,SFO,08:40,08:39
20220120,TTA31,PDX,08:15,08:19,SEA,09:15,09:16
20220120,TTA11,LAX,09:50,09:54,SEA,12:35,12:49
20220120,TTA21,SFO,10:05,10:13,SEA,12:15,12:23
20220120,TTA32,SEA,10:15,10:17,PDX,11:15,11:13
20220120,TTA33,PDX,12:15,12:26,SEA,13:15,13:14
20220120,TTA22,SEA,13:35,13:34,SFO,15:45,15:45
20220120,TTA12,SEA,14:05,14:24,LAX,16:50,17:07
20220120,TTA34,SEA,14:15,14:30,PDX,15:15,15:12
20220120,TTA35,PDX,16:15,16:23,SEA,17:15,17:17
20220120,TTA23,SFO,17:35,17:35,SEA,19:45,19:55
20220120,TTA13,LAX,18:05,18:12,SEA,20:50,21:08
20220120,TTA36,SEA,18:15,18:21,PDX,19:15,19:16
20220120,TTA37,PDX,20:15,20:17,SEA,21:15,21:16
20220121,TTA10,SEA,06:10,06:14,LAX,08:55,08:51
20220121,TTA30,SEA,06:15,06:25,PDX,07:15,07:23
20220121,TTA20,SEA,06:30,08:07,SFO,08:40,08:44
20220121,TTA31,PDX,08:15,08:30,SEA,09:15,09:57
20220121,TTA11,LAX,09:50,09:57,SEA,12:35,12:44
20220121,TTA21,SFO,10:05,10:13,SEA,12:15,12:15
20220121,TTA32,SEA,10:15,10:18,PDX,11:15,11:21
20220121,TTA33,PDX,12:15,12:17,SEA,13:15,13:18
20220121,TTA12,SEA,14:05,14:10,LAX,16:50,16:45
20220121,TTA34,SEA,14:15,14:56,PDX,15:15,15:16
20220121,TTA35,PDX,16:15,16:56,SEA,17:15,17:17
20220121,TTA13,LAX,18:05,18:02,SEA,20:50,20:55
20220121,TTA36,SEA,18:15,18:20,PDX,19:15,19:22
20220121,TTA37,PDX,20:15,20:18,SEA,21:15,21:15
20220122,TTA35,PDX,16:15,,SEA,17:15,
20220122,TTA34,SEA,14:15,,PDX,15:15,
20220122,TTA10,SEA,06:10,06:15,LAX,08:55,09:03
20220122,TTA20,SEA,06:30,06:30,SFO,08:40,08:43
20220122,TTA30,SEA,06:15,06:56,PDX,07:15,07:20
20220122,TTA31,PDX,08:15,08:13,SEA,09:15,09:20
20220122,TTA11,LAX,09:50,10:10,SEA,12:35,12:33
20220122,TTA21,SFO,10:05,10:12,SEA,12:15,12:15
20220122,TTA32,SEA,10:15,10:15,PDX,11:15,11:23
20220122,TTA33,PDX,12:15,12:19,SEA,13:15,13:13
20220122,TTA22,SEA,13:35,13:43,SFO,15:45,15:45
20220122,TTA12,SEA,14:05,14:14,LAX,16:50,17:06
20220122,TTA23,SFO,17:35,17:42,SEA,19:45,20:27
20220122,TTA13,LAX,18:05,18:00,SEA,20:50,20:54
20220122,TTA36,SEA,18:15,18:18,PDX,19:15,19:16
20220122,TTA37,PDX,20:15,20:24,SEA,21:15,21:22
20220123,TTA30,SEA,06:15,06:16,PDX,07:15,07:27
20220123,TTA10,SEA,06:10,06:17,LAX,08:55,08:53
20220123,TTA20,SEA,06:30,06:33,SFO,08:40,08:48
20220123,TTA31,PDX,08:15,08:19,SEA,09:15,09:23
20220123,TTA11,LAX,09:50,09:50,SEA,12:35,12:36
20220123,TTA21,SFO,10:05,10:08,SEA,12:15,12:29
20220123,TTA32,SEA,10:15,10:28,PDX,11:15,11:11
20220123,TTA33,PDX,12:15,12:15,SEA,13:15,13:23
20220123,TTA22,SEA,13:35,13:43,SFO,15:45,15:47
20220123,TTA12,SEA,14:05,14:09,LAX,16:50,17:00
20220123,TTA34,SEA,14:15,14:21,PDX,15:15,15:11
20220123,TTA35,PDX,16:15,16:13,SEA,17:15,17:20
20220123,TTA23,SFO,17:35,17:36,SEA,19:45,20:04
20220123,TTA13,LAX,18:05,18:01,SEA,20:50,20:55
20220123,TTA36,SEA,18:15,18:13,PDX,19:15,19:27
20220123,TTA37,PDX,20:15,20:15,SEA,21:15,21:17
20220124,TTA30,SEA,06:15,06:15,PDX,07:15,07:24
20220124,TTA10,SEA,06:10,06:15,LAX,08:55,08:55
20220124,TTA20,SEA,06:30,06:40,SFO,08:40,08:56
20220124,TTA31,PDX,08:15,08:17,SEA,09:15,09:32
20220124,TTA11,LAX,09:50,09:49,SEA,12:35,12:33
20220124,TTA21,SFO,10:05,10:14,SEA,12:15,12:40
20220124,TTA32,SEA,10:15,10:17,PDX,11:15,11:18
20220124,TTA33,PDX,12:15,12:15,SEA,13:15,14:50
20220124,TTA12,SEA,14:05,14:05,LAX,16:50,16:55
20220124,TTA34,SEA,14:15,14:21,PDX,15:15,15:23
20220124,TTA35,PDX,16:15,16:22,SEA,17:15,17:16
20220124,TTA13,LAX,18:05,18:12,SEA,20:50,22:27
20220124,TTA36,SEA,18:15,18:32,PDX,19:15,19:17
20220124,TTA37,PDX,20:15,20:20,SEA,21:15,21:15
20220125,TTA10,SEA,06:10,06:13,LAX,08:55,08:57
20220125,TTA20,SEA,06:30,06:25,SFO,08:40,08:56
20220125,TTA30,SEA,06:15,06:26,PDX,07:15,07:21
20220125,TTA31,PDX,08:15,08:15,SEA,09:15,09:23
20220125,TTA11,LAX,09:50,09:58,SEA,12:35,12:38
20220125,TTA21,SFO,10:05,10:14,SEA,12:15,12:37
20220125,TTA32,SEA,10:15,10:15,PDX,11:15,11:13
20220125,TTA33,PDX,12:15,12:21,SEA,13:15,13:15
20220125,TTA22,SEA,13:35,13:45,SFO,15:45,15:53
20220125,TTA12,SEA,14:05,14:15,LAX,16:50,16:56
20220125,TTA34,SEA,14:15,14:23,PDX,15:15,15:17
20220125,TTA35,PDX,16:15,16:25,SEA,17:15,17:16
20220125,TTA23,SFO,17:35,17:45,SEA,19:45,19:50
20220125,TTA13,LAX,18:05,18:13,SEA,20:50,20:56
20220125,TTA36,SEA,18:15,18:23,PDX,19:15,19:15
20220125,TTA37,PDX,20:15,20:10,SEA,21:15,21:26
20220126,TTA10,SEA,06:10,06:07,LAX,08:55,08:55
20220126,TTA30,SEA,06:15,06:22,PDX,07:15,07:28
20220126,TTA20,SEA,06:30,06:40,SFO,08:40,08:48
20220126,TTA31,PDX,08:15,08:16,SEA,09:15,09:18
20220126,TTA21,SFO,10:05,10:13,SEA,12:15,12:20
20220126,TTA32,SEA,10:15,10:18,PDX,11:15,11:18
20220126,TTA11,LAX,09:50,10:45,SEA,12:35,12:30
20220126,TTA33,PDX,12:15,12:29,SEA,13:15,13:15
20220126,TTA22,SEA,13:35,13:49,SFO,15:45,15:50
20220126,TTA12,SEA,14:05,14:02,LAX,16:50,16:49
20220126,TTA34,SEA,14:15,14:17,PDX,15:15,15:14
20220126,TTA35,PDX,16:15,16:22,SEA,17:15,17:25
20220126,TTA23,SFO,17:35,17:39,SEA,19:45,19:54
20220126,TTA13,LAX,18:05,18:45,SEA,20:50,21:10
20220126,TTA36,SEA,18:15,18:55,PDX,19:15,19:32
20220126,TTA37,PDX,20:15,20:18,SEA,21:15,21:21
20220127,TTA30,SEA,06:15,06:14,PDX,07:15,07:21
20220127,TTA10,SEA,06:10,06:19,LAX,08:55,09:04
20220127,TTA20,SEA,06:30,06:32,SFO,08:40,08:38
20220127,TTA31,PDX,08:15,08:21,SEA,09:15,09:23
20220127,TTA11,LAX,09:50,09:46,SEA,12:35,12:30
20220127,TTA21,SFO,10:05,10:03,SEA,12:15,12:27
20220127,TTA32,SEA,10:15,10:15,PDX,11:15,11:21
20220127,TTA33,PDX,12:15,12:20,SEA,13:15,13:10
20220127,TTA22,SEA,13:35,13:34,SFO,15:45,15:45
20220127,TTA12,SEA,14:05,14:04,LAX,16:50,16:58
20220127,TTA34,SEA,14:15,14:17,PDX,15:15,15:18
20220127,TTA35,PDX,16:15,16:27,SEA,17:15,17:33
20220127,TTA13,LAX,18:05,18:00,SEA,20:50,20:57
20220127,TTA36,SEA,18:15,18:10,PDX,19:15,19:22
20220127,TTA23,SFO,17:35,19:12,SEA,19:45,20:02
20220127,TTA37,PDX,20:15,20:19,SEA,21:15,21:23
20220128,TTA30,SEA,06:15,,PDX,07:15,
20220128,TTA31,PDX,08:15,,SEA,09:15,
20220128,TTA20,SEA,06:30,06:40,SFO,08:40,08:35
20220128,TTA10,SEA,06:10,06:51,LAX,08:55,08:55
20220128,TTA11,LAX,09:50,09:57,SEA,12:35,12:37
20220128,TTA21,SFO,10:05,10:03,SEA,12:15,12:15
20220128,TTA32,SEA,10:15,10:19,PDX,11:15,11:23
20220128,TTA33,PDX,12:15,12:22,SEA,13:15,13:13
20220128,TTA12,SEA,14:05,14:06,LAX,16:50,16:51
20220128,TTA34,SEA,14:15,14:25,PDX,15:15,15:16
20220128,TTA35,PDX,16:15,16:15,SEA,17:15,17:11
20220128,TTA13,LAX,18:05,18:10,SEA,20:50,20:50
20220128,TTA36,SEA,18:15,19:15,PDX,19:15,19:24
20220128,TTA37,PDX,20:15,20:13,SEA,21:15,21:11
20220129,TTA10,SEA,06:10,06:08,LAX,08:55,09:00
20220129,TTA30,SEA,06:15,06:13,PDX,07:15,07:28
20220129,TTA20,SEA,06:30,06:25,SFO,08:40,08:44
20220129,TTA31,PDX,08:15,08:15,SEA,09:15,09:10
20220129,TTA11,LAX,09:50,10:05,SEA,12:35,12:37
20220129,TTA21,SFO,10:05,10:08,SEA,12:15,12:14
20220129,TTA32,SEA,10:15,10:15,PDX,11:15,11:14
20220129,TTA33,PDX,12:15,12:22,SEA,13:15,13:15
20220129,TTA22,SEA,13:35,13:44,SFO,15:45,15:54
20220129,TTA12,SEA,14:05,14:15,LAX,16:50,16:57
20220129,TTA34,SEA,14:15,14:23,PDX,15:15,15:20
20220129,TTA35,PDX,16:15,16:21,SEA,17:15,17:20
20220129,TTA23,SFO,17:35,17:37,SEA,19:45,19:48
20220129,TTA13,LAX,18:05,18:17,SEA,20:50,20:49
20220129,TTA36,SEA,18:15,18:27,PDX,19:15,19:23
20220129,TTA37,PDX,20:15,20:21,SEA,21:15,21:21
20220130,TTA10,SEA,06:10,06:14,LAX,08:55,09:03
20220130,TTA30,SEA,06:15,06:20,PDX,07:15,07:21
20220130,TTA20,SEA,06:30,06:36,SFO,08:40,08:41
20220130,TTA31,PDX,08:15,08:19,SEA,09:15,09:16
20220130,TTA11,LAX,09:50,09:59,SEA,12:35,12:35
20220130,TTA21,SFO,10:05,10:01,SEA,12:15,12:37
20220130,TTA32,SEA,10:15,10:24,PDX,11:15,11:14
20220130,TTA33,PDX,12:15,12:35,SEA,13:15,13:19
20220130,TTA12,SEA,14:05,14:06,LAX,16:50,16:50
20220130,TTA34,SEA,14:15,14:25,PDX,15:15,15:26
20220130,TTA22,SEA,13:35,15:10,SFO,15:45,15:50
20220130,TTA23,SFO,17:35,17:42,SEA,19:45,19:41
20220130,TTA35,PDX,16:15,17:53,SEA,17:15,17:24
20220130,TTA13,LAX,18:05,18:07,SEA,20:50,21:07
20220130,TTA36,SEA,18:15,18:15,PDX,19:15,19:16
20220130,TTA37,PDX,20:15,20:19,SEA,21:15,21:15
20220131,TTA33,PDX,12:15,,SEA,13:15,
20220131,TTA32,SEA,10:15,,PDX,11:15,
20220131,TTA10,SEA,06:10,06:11,LAX,08:55,08:59
20220131,TTA30,SEA,06:15,06:12,PDX,07:15,07:25
20220131,TTA20,SEA,06:30,06:39,SFO,08:40,08:39
20220131,TTA31,PDX,08:15,08:23,SEA,09:15,09:28
20220131,TTA11,LAX,09:50,09:55,SEA,12:35,12:42
20220131,TTA21,SFO,10:05,10:09,SEA,12:15,12:32
20220131,TTA12,SEA,14:05,14:12,LAX,16:50,17:00
20220131,TTA34,SEA,14:15,14:15,PDX,15:15,15:17
20220131,TTA35,PDX,16:15,16:22,SEA,17:15,17:15
20220131,TTA13,LAX,18:05,18:17,SEA,20:50,20:59
20220131,TTA36,SEA,18:15,18:24,PDX,19:15,20:51
20220131,TTA37,PDX,20:15,20:20,SEA,21:15,21:19
20220201,TTA10,SEA,06:10,06:20,LAX,08:55,09:04
20220201,TTA30,SEA,06:15,06:27,PDX,07:15,07:19
20220201,TTA20,SEA,06:30,06:40,SFO,08:40,08:46
20220201,TTA31,PDX,08:15,09:50,SEA,09:15,09:27
20220201,TTA11,LAX,09:50,09:51,SEA,12:35,12:35
20220201,TTA21,SFO,10:05,10:13,SEA,12:15,12:32
20220201,TTA32,SEA,10:15,10:19,PDX,11:15,11:25
20220201,TTA33,PDX,12:15,12:29,SEA,13:15,13:15
20220201,TTA22,SEA,13:35,13:39,SFO,15:45,15:44
20220201,TTA12,SEA,14:05,15:40,LAX,16:50,16:48
20220201,TTA23,SFO,17:35,17:40,SEA,19:45,19:59
20220201,TTA36,SEA,18:15,18:35,PDX,19:15,19:15
20220201,TTA13,LAX,18:05,19:41,SEA,20:50,21:01
20220201,TTA37,PDX,20:15,20:16,SEA,21:15,21:18
20220202,TTA30,SEA,06:15,06:13,PDX,07:15,07:18
20220202,TTA10,SEA,06:10,06:17,LAX,08:55,08:55
20220202,TTA20,SEA,06:30,06:33,SFO,08:40,08:51
20220202,TTA31,PDX,08:15,08:13,SEA,09:15,09:21
20220202,TTA11,LAX,09:50,09:52,SEA,12:35,12:44
20220202,TTA21,SFO,10:05,10:06,SEA,12:15,12:19
20220202,TTA22,SEA,13:35,13:36,SFO,15:45,15:43
20220202,TTA34,SEA,14:15,14:21,PDX,15:15,15:15
20220202,TTA35,PDX,16:15,16:14,SEA,17:15,17:15
20220202,TTA23,SFO,17:35,17:33,SEA,19:45,19:42
20220202,TTA36,SEA,18:15,18:21,PDX,19:15,20:51
20220202,TTA37,PDX,20:15,20:14,SEA,21:15,21:19
20220203,TTA21,SFO,10:05,,SEA,12:15,
20220203,TTA20,SEA,06:30,,SFO,08:40,
20220203,TTA13,LAX,18:05,,SEA,20:50,
20220203,TTA12,SEA,14:05,,LAX,16:50,
20220203,TTA10,SEA,06:10,06:10,LAX,08:55,09:50
20220203,TTA30,SEA,06:15,06:25,PDX,07:15,07:26
20220203,TTA31,PDX,08:15,08:14,SEA,09:15,09:24
20220203,TTA11,LAX,09:50,09:48,SEA,12:35,12:45
20220203,TTA32,SEA,10:15,10:26,PDX,11:15,11:15
20220203,TTA33,PDX,12:15,12:19,SEA,13:15,13:24
20220203,TTA22,SEA,13:35,13:31,SFO,15:45,15:49
20220203,TTA23,SFO,17:35,17:45,SEA,19:45,19:45
20220203,TTA36,SEA,18:15,19:53,PDX,19:15,19:13
20220203,TTA37,PDX,20:15,20:18,SEA,21:15,21:32
20220204,TTA10,SEA,06:10,06:12,LAX,08:55,08:54
20220204,TTA30,SEA,06:15,06:23,PDX,07:15,07:27
20220204,TTA20,SEA,06:30,06:45,SFO,08:40,08:40
20220204,TTA31,PDX,08:15,08:15,SEA,09:15,09:24
20220204,TTA11,LAX,09:50,09:57,SEA,12:35,12:34
20220204,TTA21,SFO,10:05,10:24,SEA,12:15,12:14
20220204,TTA34,SEA,14:15,14:17,PDX,15:15,15:20
20220204,TTA35,PDX,16:15,16:31,SEA,17:15,17:34
20220204,TTA36,SEA,18:15,18:15,PDX,19:15,19:23
20220204,TTA37,PDX,20:15,20:15,SEA,21:15,21:12
20220205,TTA10,SEA,06:10,06:14,LAX,08:55,08:58
20220205,TTA30,SEA,06:15,06:19,PDX,07:15,07:18
20220205,TTA20,SEA,06:30,06:45,SFO,08:40,08:43
20220205,TTA31,PDX,08:15,08:22,SEA,09:15,09:30
20220205,TTA11,LAX,09:50,10:02,SEA,12:35,12:33
20220205,TTA21,SFO,10:05,10:15,SEA,12:15,12:56
20220205,TTA32,SEA,10:15,10:28,PDX,11:15,12:15
20220205,TTA33,PDX,12:15,12:21,SEA,13:15,13:11
20220205,TTA22,SEA,13:35,13:44,SFO,15:45,15:42
20220205,TTA12,SEA,14:05,14:10,LAX,16:50,16:52
20220205,TTA23,SFO,17:35,17:39,SEA,19:45,19:40
20220205,TTA13,LAX,18:05,18:14,SEA,20:50,20:56
20220205,TTA36,SEA,18:15,18:26,PDX,19:15,19:15
20220205,TTA37,PDX,20:15,20:20,SEA,21:15,21:24
20220206,TTA30,SEA,06:15,06:13,PDX,07:15,07:11
20220206,TTA10,SEA,06:10,06:14,LAX,08:55,08:58
20220206,TTA20,SEA,06:30,06:38,SFO,08:40,08:53
20220206,TTA31,PDX,08:15,08:22,SEA,09:15,09:18
20220206,TTA11,LAX,09:50,09:49,SEA,12:35,12:49
20220206,TTA21,SFO,10:05,10:05,SEA,12:15,12:42
20220206,TTA32,SEA,10:15,10:21,PDX,11:15,11:21
20220206,TTA33,PDX,12:15,12:10,SEA,13:15,13:13
20220206,TTA22,SEA,13:35,13:40,SFO,15:45,15:45
20220206,TTA12,SEA,14:05,14:14,LAX,16:50,17:00
20220206,TTA23,SFO,17:35,17:41,SEA,19:45,20:00
20220206,TTA36,SEA,18:15,18:15,PDX,19:15,19:13
20220206,TTA13,LAX,18:05,18:16,SEA,20:50,21:04
20220206,TTA37,PDX,20:15,20:17,SEA,21:15,21:13
20220207,TTA30,SEA,06:15,06:20,PDX,07:15,07:11
20220207,TTA10,SEA,06:10,06:22,LAX,08:55,08:50
20220207,TTA20,SEA,06:30,06:27,SFO,08:40,08:45
20220207,TTA31,PDX,08:15,08:26,SEA,09:15,09:15
20220207,TTA11,LAX,09:50,09:50,SEA,12:35,12:39
20220207,TTA21,SFO,10:05,10:16,SEA,12:15,13:11
20220207,TTA34,SEA,14:15,14:15,PDX,15:15,15:16
20220207,TTA35,PDX,16:15,16:55,SEA,17:15,17:17
20220207,TTA36,SEA,18:15,18:21,PDX,19:15,20:10
20220207,TTA37,PDX,20:15,20:15,SEA,21:15,21:22
20220208,TTA30,SEA,06:15,06:13,PDX,07:15,07:19
20220208,TTA10,SEA,06:10,06:25,LAX,08:55,08:53
20220208,TTA20,SEA,06:30,06:37,SFO,08:40,08:47
20220208,TTA31,PDX,08:15,08:25,SEA,09:15,09:15
20220208,TTA11,LAX,09:50,10:00,SEA,12:35,12:53
20220208,TTA21,SFO,10:05,10:05,SEA,12:15,12:25
20220208,TTA32,SEA,10:15,10:23,PDX,11:15,11:22
20220208,TTA33,PDX,12:15,12:56,SEA,13:15,13:16
20220208,TTA22,SEA,13:35,13:37,SFO,15:45,15:53
20220208,TTA12,SEA,14:05,14:03,LAX,16:50,16:57
20220208,TTA23,SFO,17:35,17:44,SEA,19:45,20:07
20220208,TTA13,LAX,18:05,18:04,SEA,20:50,20:47
20220208,TTA36,SEA,18:15,18:22,PDX,19:15,19:16
20220208,TTA37,PDX,20:15,20:12,SEA,21:15,21:15
20220209,TTA10,SEA,06:10,06:17,LAX,08:55,09:36
20220209,TTA30,SEA,06:15,06:19,PDX,07:15,07:20
20220209,TTA20,SEA,06:30,06:38,SFO,08:40,10:17
20220209,TTA31,PDX,08:15,08:15,SEA,09:15,09:25
20220209,TTA21,SFO,10:05,10:02,SEA,12:15,12:25
20220209,TTA11,LAX,09:50,10:50,SEA,12:35,12:33
20220209,TTA22,SEA,13:35,13:37,SFO,15:45,15:48
20220209,TTA34,SEA,14:15,14:32,PDX,15:15,15:10
20220209,TTA35,PDX,16:15,16:18,SEA,17:15,17:27
20220209,TTA23,SFO,17:35,17:49,SEA,19:45,21:21
20220209,TTA36,SEA,18:15,18:19,PDX,19:15,19:20
20220209,TTA37,PDX,20:15,20:25,SEA,21:15,21:25
20220210,TTA10,SEA,06:10,06:17,LAX,08:55,08:56
20220210,TTA30,SEA,06:15,06:28,PDX,07:15,07:15
20220210,TTA20,SEA,06:30,06:35,SFO,08:40,08:41
20220210,TTA31,PDX,08:15,08:17,SEA,09:15,09:18
20220210,TTA11,LAX,09:50,09:51,SEA,12:35,12:32
20220210,TTA21,SFO,10:05,10:06,SEA,12:15,13:53
20220210,TTA32,SEA,10:15,10:13,PDX,11:15,11:11
20220210,TTA33,PDX,12:15,12:12,SEA,13:15,13:25
20220210,TTA22,SEA,13:35,13:38,SFO,15:45,15:42
20220210,TTA12,SEA,14:05,14:04,LAX,16:50,17:08
20220210,TTA23,SFO,17:35,17:45,SEA,19:45,20:04
20220210,TTA13,LAX,18:05,18:10,SEA,20:50,20:52
20220210,TTA36,SEA,18:15,18:29,PDX,19:15,19:11
20220210,TTA37,PDX,20:15,20:15,SEA,21:15,21:24
20220211,TTA10,SEA,06:10,06:06,LAX,08:55,09:05
20220211,TTA30,SEA,06:15,06:19,PDX,07:15,07:27
20220211,TTA20,SEA,06:30,06:50,SFO,08:40,08:47
20220211,TTA31,PDX,08:15,08:26,SEA,09:15,09:15
20220211,TTA11,LAX,09:50,09:51,SEA,12:35,12:45
20220211,TTA21,SFO,10:05,10:05,SEA,12:15,13:15
20220211,TTA34,SEA,14:15,14:14,PDX,15:15,15:35
20220211,TTA35,PDX,16:15,16:16,SEA,17:15,17:21
20220211,TTA36,SEA,18:15,18:17,PDX,19:15,19:11
20220211,TTA37,PDX,20:15,20:21,SEA,21:15,21:12
20220212,TTA30,SEA,06:15,06:15,PDX,07:15,07:22
20220212,TTA10,SEA,06:10,06:25,LAX,08:55,09:03
20220212,TTA20,SEA,06:30,06:37,SFO,08:40,08:37
20220212,TTA31,PDX,08:15,08:10,SEA,09:15,09:19
20220212,TTA11,LAX,09:50,09:54,SEA,12:35,12:44
20220212,TTA21,SFO,10:05,10:11,SEA,12:15,12:25
20220212,TTA32,SEA,10:15,10:26,PDX,11:15,11:10
20220212,TTA33,PDX,12:15,12:24,SEA,13:15,13:16
20220212,TTA22,SEA,13:35,13:33,SFO,15:45,15:45
20220212,TTA12,SEA,14:05,14:04,LAX,16:50,16:58
20220212,TTA23,SFO,17:35,17:35,SEA,19:45,19:45
20220212,TTA13,LAX,18:05,18:07,SEA,20:50,20:58
20220212,TTA36,SEA,18:15,18:12,PDX,19:15,19:15
20220212,TTA37,PDX,20:15,21:52,SEA,21:15,21:23
20220213,TTA10,SEA,06:10,06:13,LAX,08:55,08:58
20220213,TTA20,SEA,06:30,06:39,SFO,08:40,09:22
20220213,TTA30,SEA,06:15,07:50,PDX,07:15,07:16
20220213,TTA31,PDX,08:15,08:24,SEA,09:15,09:16
20220213,TTA11,LAX,09:50,09:49,SEA,12:35,12:33
20220213,TTA21,SFO,10:05,10:06,SEA,12:15,12:37
20220213,TTA32,SEA,10:15,10:13,PDX,11:15,11:15
20220213,TTA33,PDX,12:15,12:15,SEA,13:15,13:57
20220213,TTA22,SEA,13:35,13:37,SFO,15:45,15:46
20220213,TTA12,SEA,14:05,14:05,LAX,16:50,16:45
20220213,TTA23,SFO,17:35,17:42,SEA,19:45,20:02
20220213,TTA13,LAX,18:05,18:08,SEA,20:50,22:28
20220213,TTA36,SEA,18:15,18:12,PDX,19:15,19:20
20220213,TTA37,PDX,20:15,20:19,SEA,21:15,21:16
20220214,TTA30,SEA,06:15,,PDX,07:15,
20220214,TTA31,PDX,08:15,,SEA,09:15,
20220214,TTA10,SEA,06:10,06:16,LAX,08:55,09:02
20220214,TTA20,SEA,06:30,06:40,SFO,08:40,08:38
20220214,TTA21,SFO,10:05,10:05,SEA,12:15,12:40
20220214,TTA11,LAX,09:50,10:07,SEA,12:35,12:55
20220214,TTA34,SEA,14:15,14:17,PDX,15:15,15:15
20220214,TTA35,PDX,16:15,16:26,SEA,17:15,17:12
20220214,TTA36,SEA,18:15,18:18,PDX,19:15,19:21
20220214,TTA37,PDX,20:15,20:18,SEA,21:15,21:21
20220215,TTA10,SEA,06:10,06:10,LAX,08:55,09:06
20220215,TTA30,SEA,06:15,06:22,PDX,07:15,07:11
20220215,TTA20,SEA,06:30,08:06,SFO,08:40,08:38
20220215,TTA31,PDX,08:15,08:28,SEA,09:15,09:25
20220215,TTA11,LAX,09:50,09:48,SEA,12:35,12:35
20220215,TTA21,SFO,10:05,10:13,SEA,12:15,12:49
20220215,TTA32,SEA,10:15,10:19,PDX,11:15,11:19
20220215,TTA33,PDX,12:15,12:23,SEA,13:15,13:57
20220215,TTA22,SEA,13:35,13:43,SFO,15:45,15:45
20220215,TTA12,SEA,14:05,14:11,LAX,16:50,16:54
20220215,TTA23,SFO,17:35,17:37,SEA,19:45,19:59
20220215,TTA13,LAX,18:05,18:05,SEA,20:50,20:49
20220215,TTA36,SEA,18:15,18:33,PDX,19:15,19:15
20220215,TTA37,PDX,20:15,20:12,SEA,21:15,22:15
20220216,TTA10,SEA,06:10,06:06,LAX,08:55,08:53
20220216,TTA30,SEA,06:15,06:20,PDX,07:15,07:25
20220216,TTA20,SEA,06:30,06:41,SFO,08:40,08:45
20220216,TTA31,PDX,08:15,08:12,SEA,09:15,09:23
20220216,TTA11,LAX,09:50,09:51,SEA,12:35,12:43
20220216,TTA21,SFO,10:05,10:47,SEA,12:15,12:24
20220216,TTA22,SEA,13:35,13:40,SFO,15:45,16:01
20220216,TTA34,SEA,14:15,14:27,PDX,15:15,16:10
20220216,TTA23,SFO,17:35,17:43,SEA,19:45,19:42
20220216,TTA35,PDX,16:15,17:51,SEA,17:15,17:20
20220216,TTA36,SEA,18:15,18:26,PDX,19:15,19:16
20220216,TTA37,PDX,20:15,20:20,SEA,21:15,21:13
20220217,TTA10,SEA,06:10,06:16,LAX,08:55,08:54
20220217,TTA30,SEA,06:15,06:20,PDX,07:15,07:19
20220217,TTA20,SEA,06:30,06:34,SFO,08:40,08:49
20220217,TTA31,PDX,08:15,09:10,SEA,09:15,09:20
20220217,TTA11,LAX,09:50,09:46,SEA,12:35,14:12
20220217,TTA21,SFO,10:05,10:07,SEA,12:15,12:14
20220217,TTA32,SEA,10:15,10:15,PDX,11:15,11:11
20220217,TTA33,PDX,12:15,12:28,SEA,13:15,13:12
20220217,TTA22,SEA,13:35,13:46,SFO,15:45,17:20
20220217,TTA12,SEA,14:05,14:05,LAX,16:50,16:45
20220217,TTA23,SFO,17:35,17:40,SEA,19:45,19:46
20220217,TTA13,LAX,18:05,18:09,SEA,20:50,21:02
20220217,TTA36,SEA,18:15,18:20,PDX,19:15,19:13
20220217,TTA37,PDX,20:15,20:23,SEA,21:15,21:11
20220218,TTA10,SEA,06:10,06:06,LAX,08:55,09:03
20220218,TTA30,SEA,06:15,06:16,PDX,07:15,07:34
20220218,TTA20,SEA,06:30,06:36,SFO,08:40,08:49
20220218,TTA31,PDX,08:15,08:23,SEA,09:15,09:18
20220218,TTA11,LAX,09:50,09:50,SEA,12:35,12:44
20220218,TTA21,SFO,10:05,10:05,SEA,12:15,12:19
20220218,TTA34,SEA,14:15,14:14,PDX,15:15,15:15
20220218,TTA35,PDX,16:15,17:50,SEA,17:15,17:15
20220218,TTA36,SEA,18:15,18:19,PDX,19:15,19:23
20220218,TTA37,PDX,20:15,20:33,SEA,21:15,21:18
20220219,TTA30,SEA,06:15,06:11,PDX,07:15,07:22
20220219,TTA10,SEA,06:10,06:21,LAX,08:55,08:59
20220219,TTA20,SEA,06:30,06:29,SFO,08:40,08:50
20220219,TTA31,PDX,08:15,08:11,SEA,09:15,09:16
20220219,TTA11,LAX,09:50,09:49,SEA,12:35,14:14
20220219,TTA21,SFO,10:05,10:03,SEA,12:15,12:18
20220219,TTA32,SEA,10:15,10:25,PDX,11:15,11:22
20220219,TTA22,SEA,13:35,13:32,SFO,15:45,15:44
20220219,TTA33,PDX,12:15,13:51,SEA,13:15,13:23
20220219,TTA12,SEA,14:05,14:17,LAX,16:50,16:50
20220219,TTA23,SFO,17:35,17:44,SEA,19:45,19:49
20220219,TTA13,LAX,18:05,18:07,SEA,20:50,20:56
20220219,TTA36,SEA,18:15,18:55,PDX,19:15,19:24
20220219,TTA37,PDX,20:15,21:50,SEA,21:15,21:23
20220220,TTA30,SEA,06:15,06:18,PDX,07:15,07:24
20220220,TTA10,SEA,06:10,06:19,LAX,08:55,08:51
20220220,TTA20,SEA,06:30,06:25,SFO,08:40,08:43
20220220,TTA31,PDX,08:15,08:26,SEA,09:15,10:10
20220220,TTA11,LAX,09:50,09:57,SEA,12:35,12:39
20220220,TTA32,SEA,10:15,10:15,PDX,11:15,11:14
20220220,TTA21,SFO,10:05,11:00,SEA,12:15,12:36
20220220,TTA33,PDX,12:15,12:30,SEA,13:15,13:15
20220220,TTA22,SEA,13:35,13:51,SFO,15:45,15:44
20220220,TTA12,SEA,14:05,14:02,LAX,16:50,16:50
20220220,TTA23,SFO,17:35,17:54,SEA,19:45,20:01
20220220,TTA13,LAX,18:05,18:08,SEA,20:50,20:57
20220220,TTA36,SEA,18:15,18:21,PDX,19:15,19:27
20220220,TTA37,PDX,20:15,20:24,SEA,21:15,21:19
20220221,TTA30,SEA,06:15,06:19,PDX,07:15,07:15
20220221,TTA20,SEA,06:30,06:38,SFO,08:40,08:46
20220221,TTA10,SEA,06:10,07:47,LAX,08:55,08:55
20220221,TTA31,PDX,08:15,08:23,SEA,09:15,09:31
20220221,TTA11,LAX,09:50,09:49,SEA,12:35,13:17
20220221,TTA21,SFO,10:05,10:22,SEA,12:15,12:32
20220221,TTA34,SEA,14:15,14:21,PDX,15:15,15:18
20220221,TTA35,PDX,16:15,16:19,SEA,17:15,17:25
20220221,TTA36,SEA,18:15,18:25,PDX,19:15,20:50
20220221,TTA37,PDX,20:15,20:22,SEA,21:15,21:18
20220222,TTA23,SFO,17:35,,SEA,19:45,
20220222,TTA22,SEA,13:35,,SFO,15:45,
20220222,TTA10,SEA,06:10,06:18,LAX,08:55,08:53
20220222,TTA30,SEA,06:15,06:21,PDX,07:15,07:20
20220222,TTA20,SEA,06:30,06:27,SFO,08:40,08:45
20220222,TTA31,PDX,08:15,08:12,SEA,09:15,09:24
20220222,TTA11,LAX,09:50,10:01,SEA,12:35,13:16
20220222,TTA21,SFO,10:05,10:07,SEA,12:15,12:33
20220222,TTA32,SEA,10:15,11:15,PDX,11:15,11:17
20220222,TTA33,PDX,12:15,12:24,SEA,13:15,13:18
20220222,TTA12,SEA,14:05,14:14,LAX,16:50,17:08
20220222,TTA13,LAX,18:05,18:13,SEA,20:50,20:52
20220222,TTA36,SEA,18:15,18:15,PDX,19:15,20:10
20220222,TTA37,PDX,20:15,20:34,SEA,21:15,21:13
20220223,TTA10,SEA,06:10,06:11,LAX,08:55,08:52
20220223,TTA30,SEA,06:15,06:14,PDX,07:15,07:14
20220223,TTA20,SEA,06:30,06:27,SFO,08:40,08:50
20220223,TTA31,PDX,08:15,09:50,SEA,09:15,09:27
20220223,TTA11,LAX,09:50,09:57,SEA,12:35,12:35
20220223,TTA21,SFO,10:05,10:06,SEA,12:15,12:15
20220223,TTA22,SEA,13:35,13:44,SFO,15:45,15:52
20220223,TTA34,SEA,14:15,14:26,PDX,15:15,15:13
20220223,TTA35,PDX,16:15,16:24,SEA,17:15,18:52
20220223,TTA23,SFO,17:35,17:46,SEA,19:45,19:51
20220223,TTA36,SEA,18:15,18:23,PDX,19:15,19:55
20220223,TTA37,PDX,20:15,21:50,SEA,21:15,21:15
20220224,TTA10,SEA,06:10,06:15,LAX,08:55,09:08
20220224,TTA30,SEA,06:15,06:25,PDX,07:15,07:15
20220224,TTA20,SEA,06:30,06:30,SFO,08:40,08:42
20220224,TTA31,PDX,08:15,08:13,SEA,09:15,09:16
20220224,TTA11,LAX,09:50,10:04,SEA,12:35,12:40
20220224,TTA21,SFO,10:05,10:06,SEA,12:15,12:22
20220224,TTA32,SEA,10:15,10:21,PDX,11:15,11:21
20220224,TTA33,PDX,12:15,12:20,SEA,13:15,13:17
20220224,TTA22,SEA,13:35,13:36,SFO,15:45,15:51
20220224,TTA12,SEA,14:05,14:05,LAX,16:50,16:45
20220224,TTA23,SFO,17:35,17:42,SEA,19:45,21:23
20220224,TTA13,LAX,18:05,18:07,SEA,20:50,20:51
20220224,TTA36,SEA,18:15,18:11,PDX,19:15,19:20
20220224,TTA37,PDX,20:15,20:17,SEA,21:15,21:23
20220225,TTA10,SEA,06:10,06:05,LAX,08:55,09:05
20220225,TTA30,SEA,06:15,06:22,PDX,07:15,07:21
20220225,TTA20,SEA,06:30,06:31,SFO,08:40,08:45
20220225,TTA31,PDX,08:15,08:25,SEA,09:15,10:54
20220225,TTA11,LAX,09:50,09:47,SEA,12:35,14:14
20220225,TTA21,SFO,10:05,10:16,SEA,12:15,12:24
20220225,TTA34,SEA,14:15,14:22,PDX,15:15,15:23
20220225,TTA35,PDX,16:15,16:30,SEA,17:15,18:53
20220225,TTA36,SEA,18:15,18:21,PDX,19:15,19:17
20220225,TTA37,PDX,20:15,20:14,SEA,21:15,21:14
20220226,TTA10,SEA,06:10,06:11,LAX,08:55,10:33
20220226,TTA30,SEA,06:15,06:14,PDX,07:15,07:21
20220226,TTA20,SEA,06:30,06:42,SFO,08:40,08:57
20220226,TTA31,PDX,08:15,09:10,SEA,09:15,09:27
20220226,TTA11,LAX,09:50,09:56,SEA,12:35,12:34
20220226,TTA21,SFO,10:05,10:04,SEA,12:15,13:54
20220226,TTA32,SEA,10:15,10:57,PDX,11:15,11:19
20220226,TTA33,PDX,12:15,12:27,SEA,13:15,13:27
20220226,TTA22,SEA,13:35,13:31,SFO,15:45,15:56
20220226,TTA12,SEA,14:05,14:10,LAX,16:50,17:10
20220226,TTA23,SFO,17:35,17:31,SEA,19:45,19:43
20220226,TTA13,LAX,18:05,18:08,SEA,20:50,21:31
20220226,TTA36,SEA,18:15,18:22,PDX,19:15,19:15
20220226,TTA37,PDX,20:15,20:22,SEA,21:15,22:15
20220227,TTA10,SEA,06:10,06:17,LAX,08:55,09:02
20220227,TTA30,SEA,06:15,06:20,PDX,07:15,07:34
20220227,TTA20,SEA,06:30,06:48,SFO,08:40,08:47
20220227,TTA31,PDX,08:15,08:16,SEA,09:15,09:16
20220227,TTA11,LAX,09:50,09:48,SEA,12:35,12:45
20220227,TTA21,SFO,10:05,10:05,SEA,12:15,12:34
20220227,TTA32,SEA,10:15,10:23,PDX,11:15,11:16
20220227,TTA33,PDX,12:15,12:30,SEA,13:15,14:51
20220227,TTA22,SEA,13:35,13:49,SFO,15:45,15:40
20220227,TTA12,SEA,14:05,14:12,LAX,16:50,18:26
20220227,TTA23,SFO,17:35,17:33,SEA,19:45,20:09
20220227,TTA13,LAX,18:05,18:07,SEA,20:50,20:58
20220227,TTA36,SEA,18:15,19:54,PDX,19:15,19:14
20220227,TTA37,PDX,20:15,21:15,SEA,21:15,21:26
20220228,TTA31,PDX,08:15,,SEA,09:15,
20220228,TTA30,SEA,06:15,,PDX,07:15,
20220228,TTA10,SEA,06:10,06:18,LAX,08:55,09:02
20220228,TTA20,SEA,06:30,06:27,SFO,08:40,08:40
20220228,TTA11,LAX,09:50,09:58,SEA,12:35,12:44
20220228,TTA21,SFO,10:05,10:13,SEA,12:15,12:36
20220228,TTA34,SEA,14:15,14:33,PDX,15:15,15:22
20220228,TTA35,PDX,16:15,16:19,SEA,17:15,17:14
20220228,TTA36,SEA,18:15,18:34,PDX,19:15,19:17
20220228,TTA37,PDX,20:15,20:15,SEA,21:15,21:15
20220301,TTA20,SEA,06:30,06:42,SFO,08:40,08:48
20220301,TTA10,SEA,06:10,06:50,LAX,08:55,08:59
20220301,TTA30,SEA,06:15,07:55,PDX,07:15,07:21
20220301,TTA31,PDX,08:15,08:22,SEA,09:15,09:55
20220301,TTA11,LAX,09:50,09:56,SEA,12:35,12:37
20220301,TTA21,SFO,10:05,10:17,SEA,12:15,14:10
20220301,TTA32,SEA,10:15,10:24,PDX,11:15,12:54
20220301,TTA33,PDX,12:15,12:25,SEA,13:15,13:11
20220301,TTA22,SEA,13:35,13:46,SFO,15:45,15:48
20220301,TTA12,SEA,14:05,14:04,LAX,16:50,16:55
20220301,TTA23,SFO,17:35,17:48,SEA,19:45,20:01
20220301,TTA13,LAX,18:05,18:03,SEA,20:50,20:58
20220301,TTA36,SEA,18:15,18:24,PDX,19:15,19:31
20220301,TTA37,PDX,20:15,20:29,SEA,21:15,21:12
20220302,TTA10,SEA,06:10,06:18,LAX,08:55,09:00
20220302,TTA20,SEA,06:30,06:33,SFO,08:40,10:18
20220302,TTA30,SEA,06:15,07:10,PDX,07:15,07:19
20220302,TTA31,PDX,08:15,08:24,SEA,09:15,09:11
20220302,TTA21,SFO,10:05,10:05,SEA,12:15,12:12
20220302,TTA11,LAX,09:50,10:32,SEA,12:35,12:35
20220302,TTA22,SEA,13:35,13:41,SFO,15:45,15:45
20220302,TTA34,SEA,14:15,14:15,PDX,15:15,15:15
20220302,TTA35,PDX,16:15,16:15,SEA,17:15,17:25
20220302,TTA23,SFO,17:35,17:45,SEA,19:45,19:45
20220302,TTA36,SEA,18:15,18:14,PDX,19:15,19:16
20220302,TTA37,PDX,20:15,20:15,SEA,21:15,21:12
20220303,TTA21,SFO,10:05,,SEA,12:15,
20220303,TTA20,SEA,06:30,,SFO,08:40,
20220303,TTA13,LAX,18:05,,SEA,20:50,
20220303,TTA12,SEA,14:05,,LAX,16:50,
20220303,TTA10,SEA,06:10,06:08,LAX,08:55,09:55
20220303,TTA30,SEA,06:15,06:15,PDX,07:15,07:27
20220303,TTA31,PDX,08:15,08:28,SEA,09:15,09:15
20220303,TTA11,LAX,09:50,10:31,SEA,12:35,12:30
20220303,TTA32,SEA,10:15,11:55,PDX,11:15,11:27
20220303,TTA33,PDX,12:15,12:22,SEA,13:15,13:33
20220303,TTA22,SEA,13:35,13:39,SFO,15:45,15:48
20220303,TTA23,SFO,17:35,17:49,SEA,19:45,19:53
20220303,TTA36,SEA,18:15,18:21,PDX,19:15,19:22
20220303,TTA37,PDX,20:15,20:25,SEA,21:15,21:20
20220304,TTA10,SEA,06:10,06:07,LAX,08:55,08:57
20220304,TTA30,SEA,06:15,06:18,PDX,07:15,07:18
20220304,TTA20,SEA,06:30,06:39,SFO,08:40,08:36
20220304,TTA31,PDX,08:15,08:55,SEA,09:15,09:23
20220304,TTA11,LAX,09:50,09:53,SEA,12:35,12:37
20220304,TTA21,SFO,10:05,10:10,SEA,12:15,12:24
20220304,TTA34,SEA,14:15,14:16,PDX,15:15,15:13
20220304,TTA35,PDX,16:15,16:15,SEA,17:15,17:19
20220304,TTA36,SEA,18:15,18:15,PDX,19:15,19:21
20220304,TTA37,PDX,20:15,20:19,SEA,21:15,21:16
20220305,TTA10,SEA,06:10,06:18,LAX,08:55,09:02
20220305,TTA30,SEA,06:15,06:28,PDX,07:15,07:22
20220305,TTA20,SEA,06:30,06:38,SFO,08:40,08:43
20220305,TTA31,PDX,08:15,08:20,SEA,09:15,09:25
20220305,TTA11,LAX,09:50,09:50,SEA,12:35,13:16
20220305,TTA21,SFO,10:05,10:08,SEA,12:15,12:29
20220305,TTA32,SEA,10:15,10:25,PDX,11:15,11:26
20220305,TTA33,PDX,12:15,12:22,SEA,13:15,13:16
20220305,TTA22,SEA,13:35,13:39,SFO,15:45,15:57
20220305,TTA12,SEA,14:05,14:01,LAX,16:50,16:57
20220305,TTA23,SFO,17:35,17:43,SEA,19:45,19:45
20220305,TTA13,LAX,18:05,18:01,SEA,20:50,20:55
20220305,TTA36,SEA,18:15,18:15,PDX,19:15,19:18
20220305,TTA37,PDX,20:15,21:54,SEA,21:15,21:16
20220306,TTA10,SEA,06:10,06:16,LAX,08:55,09:07
20220306,TTA30,SEA,06:15,06:24,PDX,07:15,08:15
20220306,TTA20,SEA,06:30,06:34,SFO,08:40,08:45
20220306,TTA31,PDX,08:15,09:10,SEA,09:15,09:22
20220306,TTA11,LAX,09:50,09:50,SEA,12:35,12:33
20220306,TTA21,SFO,10:05,10:12,SEA,12:15,12:32
20220306,TTA32,SEA,10:15,10:15,PDX,11:15,11:27
20220306,TTA33,PDX,12:15,12:23,SEA,13:15,13:18
20220306,TTA22,SEA,13:35,13:52,SFO,15:45,15:50
20220306,TTA12,SEA,14:05,14:19,LAX,16:50,17:45
20220306,TTA23,SFO,17:35,17:43,SEA,19:45,19:56
20220306,TTA36,SEA,18:15,18:11,PDX,19:15,19:15
20220306,TTA13,LAX,18:05,18:45,SEA,20:50,20:50
20220306,TTA37,PDX,20:15,20:28,SEA,21:15,21:23
20220307,TTA30,SEA,06:15,06:10,PDX,07:15,08:55
20220307,TTA10,SEA,06:10,06:15,LAX,08:55,09:50
20220307,TTA20,SEA,06:30,06:48,SFO,08:40,08:36
20220307,TTA31,PDX,08:15,08:23,SEA,09:15,09:15
20220307,TTA11,LAX,09:50,09:56,SEA,12:35,12:40
20220307,TTA21,SFO,10:05,10:03,SEA,12:15,12:29
20220307,TTA34,SEA,14:15,14:18,PDX,15:15,15:13
20220307,TTA35,PDX,16:15,17:15,SEA,17:15,17:15
20220307,TTA36,SEA,18:15,18:24,PDX,19:15,19:20
20220307,TTA37,PDX,20:15,20:11,SEA,21:15,21:15
20220308,TTA10,SEA,06:10,06:10,LAX,08:55,08:55
20220308,TTA20,SEA,06:30,06:28,SFO,08:40,08:46
20220308,TTA30,SEA,06:15,06:56,PDX,07:15,07:17
20220308,TTA31,PDX,08:15,08:17,SEA,09:15,10:53
20220308,TTA11,LAX,09:50,09:57,SEA,12:35,12:40
20220308,TTA21,SFO,10:05,10:02,SEA,12:15,12:35
20220308,TTA32,SEA,10:15,10:28,PDX,11:15,11:55
20220308,TTA33,PDX,12:15,12:11,SEA,13:15,13:15
20220308,TTA22,SEA,13:35,13:48,SFO,15:45,15:52
20220308,TTA12,SEA,14:05,15:41,LAX,16:50,17:02
20220308,TTA23,SFO,17:35,17:51,SEA,19:45,20:08
20220308,TTA13,LAX,18:05,18:13,SEA,20:50,21:02
20220308,TTA36,SEA,18:15,19:50,PDX,19:15,19:13
20220308,TTA37,PDX,20:15,20:23,SEA,21:15,21:16
20220309,TTA10,SEA,06:10,06:10,LAX,08:55,08:58
20220309,TTA20,SEA,06:30,06:37,SFO,08:40,08:37
20220309,TTA30,SEA,06:15,07:54,PDX,07:15,07:15
20220309,TTA31,PDX,08:15,08:25,SEA,09:15,09:34
20220309,TTA11,LAX,09:50,10:02,SEA,12:35,12:43
20220309,TTA21,SFO,10:05,10:10,SEA,12:15,12:15
20220309,TTA22,SEA,13:35,13:35,SFO,15:45,15:45
20220309,TTA34,SEA,14:15,14:27,PDX,15:15,15:13
20220309,TTA35,PDX,16:15,16:25,SEA,17:15,17:19
20220309,TTA23,SFO,17:35,17:35,SEA,19:45,19:55
20220309,TTA36,SEA,18:15,18:19,PDX,19:15,19:15
20220309,TTA37,PDX,20:15,20:29,SEA,21:15,21:17
20220310,TTA10,SEA,06:10,06:29,LAX,08:55,08:58
20220310,TTA30,SEA,06:15,06:31,PDX,07:15,07:29
20220310,TTA20,SEA,06:30,06:37,SFO,08:40,08:40
20220310,TTA31,PDX,08:15,08:20,SEA,09:15,09:29
20220310,TTA11,LAX,09:50,09:53,SEA,12:35,14:10
20220310,TTA21,SFO,10:05,10:09,SEA,12:15,12:15
20220310,TTA32,SEA,10:15,10:13,PDX,11:15,11:11
20220310,TTA33,PDX,12:15,12:19,SEA,13:15,13:11
20220310,TTA22,SEA,13:35,13:35,SFO,15:45,15:50
20220310,TTA12,SEA,14:05,14:00,LAX,16:50,16:58
20220310,TTA23,SFO,17:35,17:41,SEA,19:45,19:57
20220310,TTA13,LAX,18:05,18:10,SEA,20:50,21:31
20220310,TTA36,SEA,18:15,18:13,PDX,19:15,19:21
20220310,TTA37,PDX,20:15,21:15,SEA,21:15,21:20
20220311,TTA10,SEA,06:10,06:06,LAX,08:55,08:55
20220311,TTA30,SEA,06:15,06:15,PDX,07:15,07:21
20220311,TTA20,SEA,06:30,06:28,SFO,08:40,08:52
20220311,TTA31,PDX,08:15,08:14,SEA,09:15,09:23
20220311,TTA21,SFO,10:05,10:02,SEA,12:15,12:13
20220311,TTA11,LAX,09:50,11:26,SEA,12:35,12:40
20220311,TTA34,SEA,14:15,14:22,PDX,15:15,15:19
20220311,TTA35,PDX,16:15,16:17,SEA,17:15,17:13
20220311,TTA36,SEA,18:15,18:19,PDX,19:15,19:30
20220311,TTA37,PDX,20:15,20:23,SEA,21:15,22:51
20220312,TTA37,PDX,20:15,,SEA,21:15,
20220312,TTA36,SEA,18:15,,PDX,19:15,
20220312,TTA33,PDX,12:15,,SEA,13:15,
20220312,TTA32,SEA,10:15,,PDX,11:15,
20220312,TTA10,SEA,06:10,06:11,LAX,08:55,09:03
20220312,TTA30,SEA,06:15,06:25,PDX,07:15,07:16
20220312,TTA20,SEA,06:30,08:10,SFO,08:40,08:47
20220312,TTA31,PDX,08:15,08:15,SEA,09:15,10:50
20220312,TTA11,LAX,09:50,10:00,SEA,12:35,12:35
20220312,TTA21,SFO,10:05,11:40,SEA,12:15,12:14
20220312,TTA22,SEA,13:35,13:42,SFO,15:45,15:49
20220312,TTA12,SEA,14:05,14:22,LAX,16:50,16:51
20220312,TTA23,SFO,17:35,17:35,SEA,19:45,19:49
20220312,TTA13,LAX,18:05,18:07,SEA,20:50,22:26
20220313,TTA10,SEA,06:10,06:16,LAX,08:55,09:14
20220313,TTA30,SEA,06:15,06:20,PDX,07:15,08:54
20220313,TTA20,SEA,06:30,06:33,SFO,08:40,08:49
20220313,TTA31,PDX,08:15,08:21,SEA,09:15,10:52
20220313,TTA11,LAX,09:50,10:07,SEA,12:35,12:35
20220313,TTA21,SFO,10:05,10:14,SEA,12:15,12:50
20220313,TTA32,SEA,10:15,10:19,PDX,11:15,11:28
20220313,TTA22,SEA,13:35,13:41,SFO,15:45,16:25
20220313,TTA33,PDX,12:15,13:53,SEA,13:15,13:23
20220313,TTA12,SEA,14:05,14:05,LAX,16:50,17:45
20220313,TTA13,LAX,18:05,18:09,SEA,20:50,20:50
20220313,TTA23,SFO,17:35,19:10,SEA,19:45,20:09
20220313,TTA36,SEA,18:15,19:54,PDX,19:15,19:17
20220313,TTA37,PDX,20:15,20:21,SEA,21:15,21:23
20220314,TTA10,SEA,06:10,06:17,LAX,08:55,08:54
20220314,TTA20,SEA,06:30,06:35,SFO,08:40,10:20
20220314,TTA30,SEA,06:15,07:54,PDX,07:15,07:18
20220314,TTA31,PDX,08:15,08:57,SEA,09:15,09:17
20220314,TTA11,LAX,09:50,09:54,SEA,12:35,12:55
20220314,TTA21,SFO,10:05,10:12,SEA,12:15,12:41
20220314,TTA34,SEA,14:15,14:24,PDX,15:15,15:17
20220314,TTA35,PDX,16:15,16:23,SEA,17:15,17:21
20220314,TTA36,SEA,18:15,18:25,PDX,19:15,19:23
20220314,TTA37,PDX,20:15,20:12,SEA,21:15,21:21
20220315,TTA10,SEA,06:10,06:15,LAX,08:55,08:51
20220315,TTA30,SEA,06:15,06:19,PDX,07:15,07:55
20220315,TTA20,SEA,06:30,07:30,SFO,08:40,08:37
20220315,TTA11,LAX,09:50,09:50,SEA,12:35,12:43
20220315,TTA31,PDX,08:15,09:53,SEA,09:15,09:20
20220315,TTA21,SFO,10:05,10:05,SEA,12:15,12:50
20220315,TTA32,SEA,10:15,10:14,PDX,11:15,11:22
20220315,TTA33,PDX,12:15,12:13,SEA,13:15,13:21
20220315,TTA22,SEA,13:35,13:44,SFO,15:45,15:52
20220315,TTA12,SEA,14:05,14:07,LAX,16:50,17:10
20220315,TTA23,SFO,17:35,17:40,SEA,19:45,19:56
20220315,TTA13,LAX,18:05,18:08,SEA,20:50,20:59
20220315,TTA36,SEA,18:15,18:15,PDX,19:15,19:25
20220315,TTA37,PDX,20:15,20:23,SEA,21:15,21:26
20220316,TTA10,SEA,06:10,06:18,LAX,08:55,09:12
20220316,TTA20,SEA,06:30,06:33,SFO,08:40,10:18
20220316,TTA30,SEA,06:15,07:55,PDX,07:15,07:16
20220316,TTA31,PDX,08:15,08:29,SEA,09:15,09:19
20220316,TTA11,LAX,09:50,09:49,SEA,12:35,14:11
20220316,TTA21,SFO,10:05,10:05,SEA,12:15,12:13
20220316,TTA22,SEA,13:35,13:35,SFO,15:45,15:48
20220316,TTA34,SEA,14:15,14:33,PDX,15:15,16:10
20220316,TTA35,PDX,16:15,16:21,SEA,17:15,18:52
20220316,TTA23,SFO,17:35,17:37,SEA,19:45,19:41
20220316,TTA36,SEA,18:15,18:21,PDX,19:15,19:21
20220316,TTA37,PDX,20:15,20:19,SEA,21:15,21:26
20220317,TTA10,SEA,06:10,06:16,LAX,08:55,09:13
20220317,TTA20,SEA,06:30,06:47,SFO,08:40,08:44
20220317,TTA30,SEA,06:15,06:55,PDX,07:15,07:28
20220317,TTA11,LAX,09:50,09:50,SEA,12:35,13:16
20220317,TTA31,PDX,08:15,09:55,SEA,09:15,09:15
20220317,TTA21,SFO,10:05,10:12,SEA,12:15,12:20
20220317,TTA32,SEA,10:15,10:16,PDX,11:15,11:22
20220317,TTA33,PDX,12:15,12:15,SEA,13:15,13:27
20220317,TTA22,SEA,13:35,13:35,SFO,15:45,15:44
20220317,TTA12,SEA,14:05,14:16,LAX,16:50,16:50
20220317,TTA23,SFO,17:35,17:35,SEA,19:45,20:05
20220317,TTA13,LAX,18:05,18:06,SEA,20:50,20:52
20220317,TTA36,SEA,18:15,18:35,PDX,19:15,19:26
20220317,TTA37,PDX,20:15,20:29,SEA,21:15,21:16
20220318,TTA30,SEA,06:15,06:18,PDX,07:15,07:15
20220318,TTA10,SEA,06:10,06:19,LAX,08:55,09:01
20220318,TTA20,SEA,06:30,06:36,SFO,08:40,08:40
20220318,TTA31,PDX,08:15,08:23,SEA,09:15,09:14
20220318,TTA11,LAX,09:50,09:51,SEA,12:35,14:15
20220318,TTA21,SFO,10:05,10:07,SEA,12:15,12:14
20220318,TTA34,SEA,14:15,14:22,PDX,15:15,15:23
20220318,TTA35,PDX,16:15,16:15,SEA,17:15,17:17
20220318,TTA36,SEA,18:15,18:22,PDX,19:15,19:18
20220318,TTA37,PDX,20:15,20:20,SEA,21:15,21:25
20220319,TTA10,SEA,06:10,06:10,LAX,08:55,08:56
20220319,TTA30,SEA,06:15,07:50,PDX,07:15,07:24
20220319,TTA20,SEA,06:30,08:09,SFO,08:40,08:43
20220319,TTA31,PDX,08:15,08:22,SEA,09:15,09:29
20220319,TTA11,LAX,09:50,10:02,SEA,12:35,12:35
20220319,TTA32,SEA,10:15,10:15,PDX,11:15,11:31
20220319,TTA21,SFO,10:05,11:41,SEA,12:15,12:11
20220319,TTA33,PDX,12:15,12:19,SEA,13:15,13:16
20220319,TTA12,SEA,14:05,14:10,LAX,16:50,17:00
20220319,TTA22,SEA,13:35,15:13,SFO,15:45,15:48
20220319,TTA23,SFO,17:35,17:35,SEA,19:45,20:27
20220319,TTA13,LAX,18:05,18:09,SEA,20:50,20:46
20220319,TTA36,SEA,18:15,18:19,PDX,19:15,19:13
20220319,TTA37,PDX,20:15,20:23,SEA,21:15,21:17
20220320,TTA20,SEA,06:30,06:28,SFO,08:40,08:39
20220320,TTA10,SEA,06:10,06:30,LAX,08:55,09:01
20220320,TTA30,SEA,06:15,07:15,PDX,07:15,07:24
20220320,TTA31,PDX,08:15,08:23,SEA,09:15,09:14
20220320,TTA11,LAX,09:50,09:50,SEA,12:35,12:45
20220320,TTA21,SFO,10:05,10:04,SEA,12:15,12:38
20220320,TTA32,SEA,10:15,10:12,PDX,11:15,12:50
20220320,TTA33,PDX,12:15,12:15,SEA,13:15,13:18
20220320,TTA22,SEA,13:35,13:35,SFO,15:45,16:04
20220320,TTA12,SEA,14:05,14:21,LAX,16:50,16:46
20220320,TTA23,SFO,17:35,17:38,SEA,19:45,20:03
20220320,TTA13,LAX,18:05,18:05,SEA,20:50,20:58
20220320,TTA36,SEA,18:15,18:23,PDX,19:15,19:33
20220320,TTA37,PDX,20:15,20:26,SEA,21:15,21:15
20220321,TTA10,SEA,06:10,06:14,LAX,08:55,08:57
20220321,TTA30,SEA,06:15,06:22,PDX,07:15,07:19
20220321,TTA20,SEA,06:30,06:31,SFO,08:40,08:49
20220321,TTA31,PDX,08:15,08:12,SEA,09:15,09:17
20220321,TTA11,LAX,09:50,09:56,SEA,12:35,12:43
20220321,TTA21,SFO,10:05,10:14,SEA,12:15,12:42
20220321,TTA34,SEA,14:15,14:14,PDX,15:15,15:16
20220321,TTA35,PDX,16:15,16:24,SEA,17:15,17:30
20220321,TTA36,SEA,18:15,18:32,PDX,19:15,19:18
20220321,TTA37,PDX,20:15,20:22,SEA,21:15,21:35
20220322,TTA10,SEA,06:10,06:21,LAX,08:55,08:59
20220322,TTA30,SEA,06:15,06:26,PDX,07:15,07:21
20220322,TTA20,SEA,06:30,07:10,SFO,08:40,08:48
20220322,TTA31,PDX,08:15,08:19,SEA,09:15,09:12
20220322,TTA11,LAX,09:50,09:48,SEA,12:35,12:38
20220322,TTA21,SFO,10:05,10:05,SEA,12:15,12:30
20220322,TTA32,SEA,10:15,10:12,PDX,11:15,12:55
20220322,TTA33,PDX,12:15,12:55,SEA,13:15,13:23
20220322,TTA22,SEA,13:35,13:34,SFO,15:45,15:56
20220322,TTA12,SEA,14:05,14:15,LAX,16:50,17:10
20220322,TTA23,SFO,17:35,17:40,SEA,19:45,20:04
20220322,TTA13,LAX,18:05,18:10,SEA,20:50,20:59
20220322,TTA36,SEA,18:15,18:17,PDX,19:15,19:24
20220322,TTA37,PDX,20:15,21:54,SEA,21:15,22:50
20220323,TTA10,SEA,06:10,06:17,LAX,08:55,10:33
20220323,TTA20,SEA,06:30,06:39,SFO,08:40,08:59
20220323,TTA30,SEA,06:15,07:55,PDX,07:15,07:33
20220323,TTA31,PDX,08:15,08:17,SEA,09:15,09:31
20220323,TTA11,LAX,09:50,09:57,SEA,12:35,12:38
20220323,TTA21,SFO,10:05,10:05,SEA,12:15,12:14
20220323,TTA22,SEA,13:35,13:45,SFO,15:45,15:46
20220323,TTA34,SEA,14:15,14:26,PDX,15:15,15:16
20220323,TTA35,PDX,16:15,16:17,SEA,17:15,17:16
20220323,TTA23,SFO,17:35,17:36,SEA,19:45,19:51
20220323,TTA36,SEA,18:15,18:14,PDX,19:15,19:15
20220323,TTA37,PDX,20:15,20:24,SEA,21:15,21:20
20220324,TTA10,SEA,06:10,06:18,LAX,08:55,08:57
20220324,TTA30,SEA,06:15,06:21,PDX,07:15,07:15
20220324,TTA20,SEA,06:30,06:35,SFO,08:40,08:37
20220324,TTA31,PDX,08:15,08:11,SEA,09:15,09:10
20220324,TTA21,SFO,10:05,10:05,SEA,12:15,12:27
20220324,TTA11,LAX,09:50,10:07,SEA,12:35,12:35
20220324,TTA32,SEA,10:15,10:35,PDX,11:15,11:23
20220324,TTA33,PDX,12:15,12:21,SEA,13:15,13:15
20220324,TTA22,SEA,13:35,13:40,SFO,15:45,15:48
20220324,TTA12,SEA,14:05,14:10,LAX,16:50,18:30
20220324,TTA23,SFO,17:35,17:47,SEA,19:45,19:52
20220324,TTA13,LAX,18:05,18:02,SEA,20:50,20:48
20220324,TTA36,SEA,18:15,19:55,PDX,19:15,19:31
20220324,TTA37,PDX,20:15,20:15,SEA,21:15,21:17
20220325,TTA30,SEA,06:15,06:14,PDX,07:15,07:18
20220325,TTA20,SEA,06:30,06:31,SFO,08:40,09:22
20220325,TTA10,SEA,06:10,07:45,LAX,08:55,09:00
20220325,TTA31,PDX,08:15,08:20,SEA,09:15,09:19
20220325,TTA11,LAX,09:50,09:55,SEA,12:35,12:47
20220325,TTA21,SFO,10:05,10:09,SEA,12:15,12:24
20220325,TTA34,SEA,14:15,14:15,PDX,15:15,15:15
20220325,TTA35,PDX,16:15,16:24,SEA,17:15,18:55
20220325,TTA36,SEA,18:15,18:34,PDX,19:15,19:15
20220325,TTA37,PDX,20:15,20:25,SEA,21:15,21:14
20220326,TTA30,SEA,06:15,06:24,PDX,07:15,07:20
20220326,TTA20,SEA,06:30,06:37,SFO,08:40,10:18
20220326,TTA10,SEA,06:10,06:50,LAX,08:55,10:34
20220326,TTA31,PDX,08:15,08:11,SEA,09:15,09:16
20220326,TTA11,LAX,09:50,09:54,SEA,12:35,12:35
20220326,TTA21,SFO,10:05,10:13,SEA,12:15,12:10
20220326,TTA32,SEA,10:15,10:22,PDX,11:15,11:56
20220326,TTA33,PDX,12:15,12:13,SEA,13:15,13:15
20220326,TTA22,SEA,13:35,13:31,SFO,15:45,15:50
20220326,TTA12,SEA,14:05,14:05,LAX,16:50,16:57
20220326,TTA23,SFO,17:35,17:55,SEA,19:45,19:44
20220326,TTA36,SEA,18:15,18:57,PDX,19:15,19:17
20220326,TTA13,LAX,18:05,19:41,SEA,20:50,20:56
20220326,TTA37,PDX,20:15,20:12,SEA,21:15,22:55
20220327,TTA13,LAX,18:05,,SEA,20:50,
20220327,TTA12,SEA,14:05,,LAX,16:50,
20220327,TTA30,SEA,06:15,06:15,PDX,07:15,07:24
20220327,TTA10,SEA,06:10,06:18,LAX,08:55,08:55
20220327,TTA20,SEA,06:30,06:34,SFO,08:40,08:51
20220327,TTA31,PDX,08:15,08:35,SEA,09:15,09:21
20220327,TTA11,LAX,09:50,09:47,SEA,12:35,12:44
20220327,TTA21,SFO,10:05,10:05,SEA,12:15,12:37
20220327,TTA32,SEA,10:15,10:15,PDX,11:15,11:15
20220327,TTA33,PDX,12:15,12:21,SEA,13:15,14:52
20220327,TTA22,SEA,13:35,13:50,SFO,15:45,16:25
20220327,TTA23,SFO,17:35,17:37,SEA,19:45,20:17
20220327,TTA36,SEA,18:15,18:16,PDX,19:15,19:55
20220327,TTA37,PDX,20:15,20:16,SEA,21:15,21:24
20220328,TTA10,SEA,06:10,06:09,LAX,08:55,08:54
20220328,TTA30,SEA,06:15,06:22,PDX,07:15,07:16
20220328,TTA20,SEA,06:30,06:37,SFO,08:40,08:40
20220328,TTA31,PDX,08:15,08:25,SEA,09:15,09:25
20220328,TTA11,LAX,09:50,10:06,SEA,12:35,12:37
20220328,TTA21,SFO,10:05,10:17,SEA,12:15,12:29
20220328,TTA34,SEA,14:15,14:22,PDX,15:15,16:52
20220328,TTA35,PDX,16:15,16:30,SEA,17:15,17:19
20220328,TTA36,SEA,18:15,18:24,PDX,19:15,19:11
20220328,TTA37,PDX,20:15,20:30,SEA,21:15,21:19
20220329,TTA30,SEA,06:15,06:16,PDX,07:15,07:23
20220329,TTA10,SEA,06:10,06:17,LAX,08:55,08:56
20220329,TTA20,SEA,06:30,08:10,SFO,08:40,08:46
20220329,TTA31,PDX,08:15,08:11,SEA,09:15,09:23
20220329,TTA11,LAX,09:50,09:53,SEA,12:35,12:45
20220329,TTA21,SFO,10:05,10:11,SEA,12:15,12:35
20220329,TTA32,SEA,10:15,10:29,PDX,11:15,11:56
20220329,TTA33,PDX,12:15,12:22,SEA,13:15,14:55
20220329,TTA22,SEA,13:35,13:52,SFO,15:45,15:45
20220329,TTA12,SEA,14:05,14:05,LAX,16:50,16:55
20220329,TTA23,SFO,17:35,17:37,SEA,19:45,20:13
20220329,TTA13,LAX,18:05,18:06,SEA,20:50,22:29
20220329,TTA36,SEA,18:15,18:33,PDX,19:15,19:23
20220329,TTA37,PDX,20:15,20:11,SEA,21:15,21:15
20220330,TTA30,SEA,06:15,06:16,PDX,07:15,07:25
20220330,TTA20,SEA,06:30,06:30,SFO,08:40,08:52
20220330,TTA10,SEA,06:10,07:50,LAX,08:55,09:55
20220330,TTA31,PDX,08:15,08:14,SEA,09:15,09:17
20220330,TTA11,LAX,09:50,09:46,SEA,12:35,12:43
20220330,TTA21,SFO,10:05,10:06,SEA,12:15,12:18
20220330,TTA22,SEA,13:35,13:37,SFO,15:45,15:44
20220330,TTA34,SEA,14:15,14:13,PDX,15:15,15:15
20220330,TTA35,PDX,16:15,16:13,SEA,17:15,17:25
20220330,TTA23,SFO,17:35,17:48,SEA,19:45,19:46
20220330,TTA36,SEA,18:15,18:26,PDX,19:15,19:20
20220330,TTA37,PDX,20:15,20:23,SEA,21:15,21:11
20220331,TTA10,SEA,06:10,06:10,LAX,08:55,09:07
20220331,TTA30,SEA,06:15,06:16,PDX,07:15,07:15
20220331,TTA20,SEA,06:30,06:41,SFO,08:40,08:40
20220331,TTA31,PDX,08:15,08:15,SEA,09:15,09:27
20220331,TTA11,LAX,09:50,10:01,SEA,12:35,12:39
20220331,TTA21,SFO,10:05,10:05,SEA,12:15,12:22
20220331,TTA32,SEA,10:15,10:14,PDX,11:15,11:22
20220331,TTA33,PDX,12:15,12:19,SEA,13:15,13:15
20220331,TTA22,SEA,13:35,13:38,SFO,15:45,17:21
20220331,TTA12,SEA,14:05,14:25,LAX,16:50,16:52
20220331,TTA23,SFO,17:35,17:38,SEA,19:45,19:54
20220331,TTA13,LAX,18:05,18:22,SEA,20:50,20:48
20220331,TTA36,SEA,18:15,19:51,PDX,19:15,19:26
20220331,TTA37,PDX,20:15,20:22,SEA,21:15,21:13
20220401,TTA10,SEA,06:10,06:17,LAX,08:55,08:55
20220401,TTA30,SEA,06:15,06:27,PDX,07:15,07:25
20220401,TTA20,SEA,06:30,06:40,SFO,08:40,08:40
20220401,TTA31,PDX,08:15,08:26,SEA,09:15,09:11
20220401,TTA11,LAX,09:50,10:04,SEA,12:35,12:35
20220401,TTA21,SFO,10:05,11:00,SEA,12:15,12:33
20220401,TTA34,SEA,14:15,14:15,PDX,15:15,15:12
20220401,TTA35,PDX,16:15,16:22,SEA,17:15,17:19
20220401,TTA36,SEA,18:15,18:18,PDX,19:15,19:19
20220401,TTA37,PDX,20:15,20:26,SEA,21:15,21:13
20220402,TTA30,SEA,06:15,06:14,PDX,07:15,07:17
20220402,TTA10,SEA,06:10,06:20,LAX,08:55,08:56
20220402,TTA20,SEA,06:30,06:34,SFO,08:40,08:39
20220402,TTA31,PDX,08:15,08:17,SEA,09:15,09:21
20220402,TTA11,LAX,09:50,10:01,SEA,12:35,12:47
20220402,TTA21,SFO,10:05,10:05,SEA,12:15,12:20
20220402,TTA32,SEA,10:15,10:20,PDX,11:15,11:14
20220402,TTA33,PDX,12:15,12:18,SEA,13:15,13:26
20220402,TTA22,SEA,13:35,13:35,SFO,15:45,15:48
20220402,TTA12,SEA,14:05,14:02,LAX,16:50,16:57
20220402,TTA23,SFO,17:35,17:31,SEA,19:45,19:51
20220402,TTA36,SEA,18:15,18:15,PDX,19:15,19:24
20220402,TTA13,LAX,18:05,18:21,SEA,20:50,20:52
20220402,TTA37,PDX,20:15,20:25,SEA,21:15,21:25
20220403,TTA30,SEA,06:15,06:08,PDX,07:15,07:27
20220403,TTA10,SEA,06:10,06:11,LAX,08:55,09:12
20220403,TTA20,SEA,06:30,06:32,SFO,08:40,08:40
20220403,TTA31,PDX,08:15,08:09,SEA,09:15,09:17
20220403,TTA21,SFO,10:05,09:58,SEA,12:15,12:16
20220403,TTA11,LAX,09:50,10:02,SEA,12:35,13:15
20220403,TTA32,SEA,10:15,10:34,PDX,11:15,11:15
20220403,TTA33,PDX,12:15,12:16,SEA,13:15,14:15
20220403,TTA22,SEA,13:35,13:44,SFO,15:45,15:55
20220403,TTA12,SEA,14:05,14:10,LAX,16:50,16:50
20220403,TTA23,SFO,17:35,17:36,SEA,19:45,19:46
20220403,TTA13,LAX,18:05,18:01,SEA,20:50,20:55
20220403,TTA36,SEA,18:15,18:11,PDX,19:15,19:33
20220403,TTA37,PDX,20:15,20:25,SEA,21:15,21:10
20220404,TTA21,SFO,10:05,,SEA,12:15,
20220404,TTA20,SEA,06:30,,SFO,08:40,
20220404,TTA30,SEA,06:15,06:10,PDX,07:15,07:14
20220404,TTA10,SEA,06:10,06:20,LAX,08:55,09:06
20220404,TTA31,PDX,08:15,08:08,SEA,09:15,09:13
20220404,TTA11,LAX,09:50,09:50,SEA,12:35,12:33
20220404,TTA34,SEA,14:15,14:09,PDX,15:15,16:50
20220404,TTA35,PDX,16:15,16:30,SEA,17:15,17:13
20220404,TTA36,SEA,18:15,18:16,PDX,19:15,19:16
20220404,TTA37,PDX,20:15,20:13,SEA,21:15,21:22
20220405,TTA10,SEA,06:10,06:11,LAX,08:55,08:55
20220405,TTA30,SEA,06:15,06:22,PDX,07:15,07:12
20220405,TTA20,SEA,06:30,06:36,SFO,08:40,08:47
20220405,TTA31,PDX,08:15,08:21,SEA,09:15,09:23
20220405,TTA11,LAX,09:50,09:45,SEA,12:35,12:43
20220405,TTA21,SFO,10:05,10:11,SEA,12:15,12:13
20220405,TTA32,SEA,10:15,10:14,PDX,11:15,11:14
20220405,TTA33,PDX,12:15,12:15,SEA,13:15,13:22
20220405,TTA22,SEA,13:35,13:45,SFO,15:45,15:45
20220405,TTA12,SEA,14:05,14:11,LAX,16:50,17:31
20220405,TTA23,SFO,17:35,17:31,SEA,19:45,19:52
20220405,TTA13,LAX,18:05,18:04,SEA,20:50,20:59
20220405,TTA36,SEA,18:15,18:15,PDX,19:15,19:23
20220405,TTA37,PDX,20:15,20:15,SEA,21:15,21:21
20220406,TTA10,SEA,06:10,06:09,LAX,08:55,08:59
20220406,TTA30,SEA,06:15,06:19,PDX,07:15,07:17
20220406,TTA20,SEA,06:30,06:29,SFO,08:40,08:47
20220406,TTA31,PDX,08:15,08:10,SEA,09:15,09:56
20220406,TTA11,LAX,09:50,10:00,SEA,12:35,14:10
20220406,TTA21,SFO,10:05,10:19,SEA,12:15,12:24
20220406,TTA22,SEA,13:35,13:37,SFO,15:45,15:38
20220406,TTA34,SEA,14:15,14:11,PDX,15:15,15:32
20220406,TTA35,PDX,16:15,16:20,SEA,17:15,17:18
20220406,TTA23,SFO,17:35,18:16,SEA,19:45,20:02
20220406,TTA36,SEA,18:15,18:16,PDX,19:15,19:22
20220406,TTA37,PDX,20:15,20:24,SEA,21:15,21:14
20220407,TTA10,SEA,06:10,06:10,LAX,08:55,08:59
20220407,TTA30,SEA,06:15,06:20,PDX,07:15,07:24
20220407,TTA20,SEA,06:30,06:40,SFO,08:40,08:41
20220407,TTA31,PDX,08:15,08:15,SEA,09:15,09:21
20220407,TTA21,SFO,10:05,10:06,SEA,12:15,12:15
20220407,TTA32,SEA,10:15,10:15,PDX,11:15,11:16
20220407,TTA11,LAX,09:50,11:25,SEA,12:35,12:40
20220407,TTA33,PDX,12:15,12:19,SEA,13:15,13:22
20220407,TTA22,SEA,13:35,13:36,SFO,15:45,16:40
20220407,TTA12,SEA,14:05,14:06,LAX,16:50,17:03
20220407,TTA23,SFO,17:35,17:47,SEA,19:45,19:57
20220407,TTA13,LAX,18:05,18:21,SEA,20:50,20:46
20220407,TTA36,SEA,18:15,18:29,PDX,19:15,19:31
20220407,TTA37,PDX,20:15,20:24,SEA,21:15,21:19
20220408,TTA10,SEA,06:10,06:11,LAX,08:55,09:37
20220408,TTA30,SEA,06:15,06:22,PDX,07:15,07:19
20220408,TTA20,SEA,06:30,06:50,SFO,08:40,08:46
20220408,TTA31,PDX,08:15,08:15,SEA,09:15,09:10
20220408,TTA11,LAX,09:50,09:45,SEA,12:35,12:43
20220408,TTA21,SFO,10:05,10:01,SEA,12:15,12:22
20220408,TTA34,SEA,14:15,14:25,PDX,15:15,15:22
20220408,TTA35,PDX,16:15,16:17,SEA,17:15,17:12
20220408,TTA36,SEA,18:15,18:15,PDX,19:15,19:55
20220408,TTA37,PDX,20:15,20:08,SEA,21:15,21:13
20220409,TTA10,SEA,06:10,06:10,LAX,08:55,09:02
20220409,TTA20,SEA,06:30,06:41,SFO,08:40,08:36
20220409,TTA30,SEA,06:15,07:15,PDX,07:15,07:27
20220409,TTA31,PDX,08:15,08:20,SEA,09:15,09:31
20220409,TTA11,LAX,09:50,09:58,SEA,12:35,12:38
20220409,TTA21,SFO,10:05,10:14,SEA,12:15,12:13
20220409,TTA32,SEA,10:15,10:14,PDX,11:15,11:31
20220409,TTA33,PDX,12:15,12:19,SEA,13:15,13:13
20220409,TTA22,SEA,13:35,13:45,SFO,15:45,15:44
20220409,TTA12,SEA,14:05,14:04,LAX,16:50,16:49
20220409,TTA23,SFO,17:35,17:36,SEA,19:45,19:52
20220409,TTA36,SEA,18:15,18:08,PDX,19:15,19:18
20220409,TTA13,LAX,18:05,18:10,SEA,20:50,20:57
20220409,TTA37,PDX,20:15,20:21,SEA,21:15,21:21
20220410,TTA30,SEA,06:15,06:18,PDX,07:15,07:17
20220410,TTA10,SEA,06:10,06:28,LAX,08:55,09:05
20220410,TTA20,SEA,06:30,06:31,SFO,08:40,08:48
20220410,TTA31,PDX,08:15,08:17,SEA,09:15,09:26
20220410,TTA21,SFO,10:05,10:17,SEA,12:15,12:20
20220410,TTA32,SEA,10:15,10:28,PDX,11:15,11:22
20220410,TTA11,LAX,09:50,10:31,SEA,12:35,12:35
20220410,TTA33,PDX,12:15,12:21,SEA,13:15,13:30
20220410,TTA22,SEA,13:35,13:45,SFO,15:45,15:50
20220410,TTA12,SEA,14:05,14:00,LAX,16:50,16:58
20220410,TTA23,SFO,17:35,17:38,SEA,19:45,19:44
20220410,TTA36,SEA,18:15,18:08,PDX,19:15,19:12
20220410,TTA13,LAX,18:05,18:11,SEA,20:50,20:44
20220410,TTA37,PDX,20:15,20:25,SEA,21:15,21:24
20220411,TTA10,SEA,06:10,06:08,LAX,08:55,08:59
20220411,TTA30,SEA,06:15,06:10,PDX,07:15,07:14
20220411,TTA20,SEA,06:30,06:38,SFO,08:40,08:43
20220411,TTA31,PDX,08:15,08:12,SEA,09:15,09:21
20220411,TTA11,LAX,09:50,09:48,SEA,12:35,13:30
20220411,TTA21,SFO,10:05,10:13,SEA,12:15,12:13
20220411,TTA34,SEA,14:15,14:11,PDX,15:15,15:17
20220411,TTA35,PDX,16:15,16:30,SEA,17:15,18:51
20220411,TTA36,SEA,18:15,18:31,PDX,19:15,19:10
20220411,TTA37,PDX,20:15,20:12,SEA,21:15,22:10
20220412,TTA37,PDX,20:15,,SEA,21:15,
20220412,TTA36,SEA,18:15,,PDX,19:15,
20220412,TTA10,SEA,06:10,06:22,LAX,08:55,08:49
20220412,TTA30,SEA,06:15,06:23,PDX,07:15,07:16
20220412,TTA20,SEA,06:30,06:37,SFO,08:40,08:40
20220412,TTA31,PDX,08:15,08:23,SEA,09:15,09:20
20220412,TTA11,LAX,09:50,09:49,SEA,12:35,12:45
20220412,TTA32,SEA,10:15,10:10,PDX,11:15,11:20
20220412,TTA21,SFO,10:05,10:47,SEA,12:15,12:27
20220412,TTA33,PDX,12:15,12:22,SEA,13:15,13:23
20220412,TTA22,SEA,13:35,13:43,SFO,15:45,15:43
20220412,TTA12,SEA,14:05,14:02,LAX,16:50,16:50
20220412,TTA23,SFO,17:35,17:47,SEA,19:45,19:52
20220412,TTA13,LAX,18:05,18:13,SEA,20:50,20:57
20220413,TTA10,SEA,06:10,06:04,LAX,08:55,09:00
20220413,TTA30,SEA,06:15,06:19,PDX,07:15,07:16
20220413,TTA20,SEA,06:30,06:36,SFO,08:40,08:40
20220413,TTA31,PDX,08:15,08:18,SEA,09:15,09:14
20220413,TTA11,LAX,09:50,10:09,SEA,12:35,12:47
20220413,TTA21,SFO,10:05,10:12,SEA,12:15,12:22
20220413,TTA22,SEA,13:35,13:38,SFO,15:45,15:47
20220413,TTA34,SEA,14:15,14:28,PDX,15:15,15:22
20220413,TTA35,PDX,16:15,16:21,SEA,17:15,17:14
20220413,TTA23,SFO,17:35,17:49,SEA,19:45,19:55
20220413,TTA36,SEA,18:15,18:14,PDX,19:15,19:18
20220413,TTA37,PDX,20:15,20:16,SEA,21:15,21:17
20220414,TTA30,SEA,06:15,06:16,PDX,07:15,07:10
20220414,TTA10,SEA,06:10,06:16,LAX,08:55,09:00
20220414,TTA20,SEA,06:30,06:39,SFO,08:40,08:48
20220414,TTA31,PDX,08:15,08:12,SEA,09:15,09:08
20220414,TTA11,LAX,09:50,09:46,SEA,12:35,12:46
20220414,TTA21,SFO,10:05,10:07,SEA,12:15,12:11
20220414,TTA32,SEA,10:15,10:19,PDX,11:15,11:19
20220414,TTA33,PDX,12:15,12:22,SEA,13:15,13:25
20220414,TTA22,SEA,13:35,13:37,SFO,15:45,15:49
20220414,TTA12,SEA,14:05,14:20,LAX,16:50,17:06
20220414,TTA23,SFO,17:35,17:43,SEA,19:45,19:44
20220414,TTA13,LAX,18:05,18:12,SEA,20:50,20:59
20220414,TTA36,SEA,18:15,18:14,PDX,19:15,19:17
20220414,TTA37,PDX,20:15,20:13,SEA,21:15,21:11
20220415,TTA10,SEA,06:10,06:10,LAX,08:55,09:01
20220415,TTA30,SEA,06:15,06:17,PDX,07:15,07:13
20220415,TTA20,SEA,06:30,06:39,SFO,08:40,08:45
20220415,TTA31,PDX,08:15,09:50,SEA,09:15,09:15
20220415,TTA11,LAX,09:50,09:51,SEA,12:35,12:38
20220415,TTA21,SFO,10:05,10:06,SEA,12:15,12:22
20220415,TTA34,SEA,14:15,14:16,PDX,15:15,15:31
20220415,TTA35,PDX,16:15,16:10,SEA,17:15,17:08
20220415,TTA36,SEA,18:15,18:15,PDX,19:15,19:17
20220415,TTA37,PDX,20:15,20:18,SEA,21:15,21:13
20220416,TTA10,SEA,06:10,06:14,LAX,08:55,09:03
20220416,TTA30,SEA,06:15,06:24,PDX,07:15,07:08
20220416,TTA20,SEA,06:30,07:11,SFO,08:40,08:51
20220416,TTA31,PDX,08:15,08:15,SEA,09:15,09:24
20220416,TTA11,LAX,09:50,09:47,SEA,12:35,12:42
20220416,TTA32,SEA,10:15,10:56,PDX,11:15,11:13
20220416,TTA21,SFO,10:05,11:40,SEA,12:15,12:16
20220416,TTA33,PDX,12:15,12:22,SEA,13:15,13:12
20220416,TTA12,SEA,14:05,14:09,LAX,16:50,16:51
20220416,TTA22,SEA,13:35,14:35,SFO,15:45,15:51
20220416,TTA23,SFO,17:35,17:33,SEA,19:45,19:45
20220416,TTA13,LAX,18:05,18:10,SEA,20:50,20:48
20220416,TTA36,SEA,18:15,18:21,PDX,19:15,19:14
20220416,TTA37,PDX,20:15,20:27,SEA,21:15,21:25
20220417,TTA10,SEA,06:10,06:15,LAX,08:55,08:51
20220417,TTA30,SEA,06:15,06:21,PDX,07:15,07:22
20220417,TTA20,SEA,06:30,06:40,SFO,08:40,08:36
20220417,TTA31,PDX,08:15,08:22,SEA,09:15,09:15
20220417,TTA11,LAX,09:50,09:51,SEA,12:35,12:45
20220417,TTA21,SFO,10:05,10:02,SEA,12:15,12:20
20220417,TTA32,SEA,10:15,10:21,PDX,11:15,11:26
20220417,TTA33,PDX,12:15,12:23,SEA,13:15,13:22
20220417,TTA22,SEA,13:35,13:50,SFO,15:45,15:48
20220417,TTA12,SEA,14:05,14:12,LAX,16:50,16:50
20220417,TTA23,SFO,17:35,17:44,SEA,19:45,19:51
20220417,TTA36,SEA,18:15,18:13,PDX,19:15,19:19
20220417,TTA13,LAX,18:05,18:18,SEA,20:50,20:53
20220417,TTA37,PDX,20:15,20:17,SEA,21:15,21:31
20220418,TTA30,SEA,06:15,06:11,PDX,07:15,07:25
20220418,TTA10,SEA,06:10,06:22,LAX,08:55,08:53
20220418,TTA20,SEA,06:30,06:25,SFO,08:40,08:50
20220418,TTA31,PDX,08:15,08:11,SEA,09:15,09:28
20220418,TTA11,LAX,09:50,09:54,SEA,12:35,12:35
20220418,TTA21,SFO,10:05,10:04,SEA,12:15,12:25
20220418,TTA34,SEA,14:15,15:51,PDX,15:15,15:24
20220418,TTA35,PDX,16:15,16:20,SEA,17:15,17:19
20220418,TTA36,SEA,18:15,18:25,PDX,19:15,19:22
20220418,TTA37,PDX,20:15,20:25,SEA,21:15,21:14
20220419,TTA11,LAX,09:50,,SEA,12:35,
20220419,TTA10,SEA,06:10,,LAX,08:55,
20220419,TTA30,SEA,06:15,06:25,PDX,07:15,07:16
20220419,TTA20,SEA,06:30,06:32,SFO,08:40,08:44
20220419,TTA31,PDX,08:15,08:19,SEA,09:15,09:27
20220419,TTA21,SFO,10:05,10:15,SEA,12:15,12:23
20220419,TTA32,SEA,10:15,10:26,PDX,11:15,11:20
20220419,TTA22,SEA,13:35,13:40,SFO,15:45,15:43
20220419,TTA33,PDX,12:15,13:50,SEA,13:15,13:34
20220419,TTA12,SEA,14:05,14:13,LAX,16:50,16:53
20220419,TTA23,SFO,17:35,17:34,SEA,19:45,19:49
20220419,TTA36,SEA,18:15,18:15,PDX,19:15,19:15
20220419,TTA13,LAX,18:05,18:45,SEA,20:50,20:52
20220419,TTA37,PDX,20:15,20:19,SEA,21:15,21:21
20220420,TTA10,SEA,06:10,,LAX,08:55,
20220420,TTA11,LAX,09:50,,SEA,12:35,
20220420,TTA30,SEA,06:15,06:23,PDX,07:15,07:19
20220420,TTA20,SEA,06:30,06:27,SFO,08:40,10:15
20220420,TTA31,PDX,08:15,08:34,SEA,09:15,09:25
20220420,TTA21,SFO,10:05,10:05,SEA,12:15,12:24
20220420,TTA22,SEA,13:35,13:33,SFO,15:45,15:46
20220420,TTA34,SEA,14:15,14:11,PDX,15:15,15:15
20220420,TTA35,PDX,16:15,16:13,SEA,17:15,17:31
20220420,TTA23,SFO,17:35,18:16,SEA,19:45,19:48
20220420,TTA36,SEA,18:15,18:31,PDX,19:15,19:18
20220420,TTA37,PDX,20:15,20:26,SEA,21:15,21:10
20220421,TTA10,SEA,06:10,06:11,LAX,08:55,08:57
20220421,TTA30,SEA,06:15,06:19,PDX,07:15,08:50
20220421,TTA20,SEA,06:30,06:36,SFO,08:40,08:43
20220421,TTA31,PDX,08:15,08:32,SEA,09:15,09:21
20220421,TTA11,LAX,09:50,10:04,SEA,12:35,12:43
20220421,TTA32,SEA,10:15,10:12,PDX,11:15,11:55
20220421,TTA21,SFO,10:05,10:18,SEA,12:15,12:32
20220421,TTA33,PDX,12:15,12:18,SEA,13:15,13:22
20220421,TTA22,SEA,13:35,13:35,SFO,15:45,15:46
20220421,TTA12,SEA,14:05,14:10,LAX,16:50,17:03
20220421,TTA23,SFO,17:35,17:43,SEA,19:45,19:42
20220421,TTA13,LAX,18:05,18:01,SEA,20:50,21:00
20220421,TTA36,SEA,18:15,18:22,PDX,19:15,19:09
20220421,TTA37,PDX,20:15,20:24,SEA,21:15,21:14
20220422,TTA10,SEA,06:10,06:10,LAX,08:55,09:01
20220422,TTA30,SEA,06:15,06:24,PDX,07:15,07:15
20220422,TTA20,SEA,06:30,06:30,SFO,08:40,08:46
20220422,TTA31,PDX,08:15,08:23,SEA,09:15,09:25
20220422,TTA11,LAX,09:50,09:49,SEA,12:35,14:10
20220422,TTA21,SFO,10:05,10:14,SEA,12:15,12:16
20220422,TTA34,SEA,14:15,14:10,PDX,15:15,15:11
20220422,TTA35,PDX,16:15,16:32,SEA,17:15,17:22
20220422,TTA36,SEA,18:15,18:17,PDX,19:15,19:15
20220422,TTA37,PDX,20:15,21:50,SEA,21:15,21:15
20220423,TTA10,SEA,06:10,06:19,LAX,08:55,09:01
20220423,TTA30,SEA,06:15,06:21,PDX,07:15,07:23
20220423,TTA20,SEA,06:30,06:32,SFO,08:40,09:35
20220423,TTA31,PDX,08:15,08:25,SEA,09:15,10:50
20220423,TTA21,SFO,10:05,10:04,SEA,12:15,12:22
20220423,TTA11,LAX,09:50,10:04,SEA,12:35,12:44
20220423,TTA32,SEA,10:15,10:15,PDX,11:15,11:13
20220423,TTA33,PDX,12:15,12:18,SEA,13:15,13:20
20220423,TTA22,SEA,13:35,13:30,SFO,15:45,15:40
20220423,TTA12,SEA,14:05,14:12,LAX,16:50,16:56
20220423,TTA23,SFO,17:35,17:44,SEA,19:45,19:55
20220423,TTA13,LAX,18:05,18:09,SEA,20:50,21:00
20220423,TTA36,SEA,18:15,18:24,PDX,19:15,19:24
20220423,TTA37,PDX,20:15,20:24,SEA,21:15,21:15
20220424,TTA10,SEA,06:10,06:12,LAX,08:55,08:59
20220424,TTA30,SEA,06:15,06:27,PDX,07:15,08:15
20220424,TTA20,SEA,06:30,06:41,SFO,08:40,08:42
20220424,TTA31,PDX,08:15,08:17,SEA,09:15,09:10
20220424,TTA11,LAX,09:50,10:01,SEA,12:35,12:36
20220424,TTA21,SFO,10:05,10:23,SEA,12:15,12:26
20220424,TTA32,SEA,10:15,11:50,PDX,11:15,11:22
20220424,TTA33,PDX,12:15,12:19,SEA,13:15,13:21
20220424,TTA22,SEA,13:35,13:49,SFO,15:45,15:49
20220424,TTA12,SEA,14:05,14:08,LAX,16:50,16:47
20220424,TTA23,SFO,17:35,17:37,SEA,19:45,19:38
20220424,TTA13,LAX,18:05,18:04,SEA,20:50,21:00
20220424,TTA36,SEA,18:15,18:30,PDX,19:15,19:12
20220424,TTA37,PDX,20:15,20:23,SEA,21:15,21:18
20220425,TTA30,SEA,06:15,06:14,PDX,07:15,07:16
20220425,TTA20,SEA,06:30,06:40,SFO,08:40,08:40
20220425,TTA10,SEA,06:10,07:45,LAX,08:55,10:30
20220425,TTA31,PDX,08:15,08:15,SEA,09:15,09:11
20220425,TTA11,LAX,09:50,10:07,SEA,12:35,12:44
20220425,TTA21,SFO,10:05,10:14,SEA,12:15,12:15
20220425,TTA34,SEA,14:15,14:15,PDX,15:15,15:09
20220425,TTA35,PDX,16:15,16:18,SEA,17:15,17:24
20220425,TTA36,SEA,18:15,18:25,PDX,19:15,19:20
20220425,TTA37,PDX,20:15,20:24,SEA,21:15,21:12
20220426,TTA10,SEA,06:10,06:10,LAX,08:55,09:04
20220426,TTA30,SEA,06:15,06:18,PDX,07:15,07:32
20220426,TTA20,SEA,06:30,06:41,SFO,08:40,08:50
20220426,TTA31,PDX,08:15,08:24,SEA,09:15,09:15
20220426,TTA11,LAX,09:50,09:58,SEA,12:35,12:38
20220426,TTA21,SFO,10:05,10:02,SEA,12:15,12:33
20220426,TTA32,SEA,10:15,10:14,PDX,11:15,11:15
20220426,TTA33,PDX,12:15,12:29,SEA,13:15,13:26
20220426,TTA22,SEA,13:35,13:36,SFO,15:45,15:49
20220426,TTA12,SEA,14:05,14:00,LAX,16:50,16:54
20220426,TTA23,SFO,17:35,17:36,SEA,19:45,19:48
20220426,TTA13,LAX,18:05,18:23,SEA,20:50,20:54
20220426,TTA36,SEA,18:15,19:51,PDX,19:15,19:25
20220426,TTA37,PDX,20:15,20:22,SEA,21:15,21:20
20220427,TTA10,SEA,06:10,06:10,LAX,08:55,09:12
20220427,TTA30,SEA,06:15,06:18,PDX,07:15,07:23
20220427,TTA20,SEA,06:30,06:34,SFO,08:40,08:40
20220427,TTA31,PDX,08:15,08:25,SEA,09:15,09:15
20220427,TTA11,LAX,09:50,09:49,SEA,12:35,12:39
20220427,TTA21,SFO,10:05,10:10,SEA,12:15,12:13
20220427,TTA22,SEA,13:35,13:38,SFO,15:45,17:21
20220427,TTA34,SEA,14:15,14:20,PDX,15:15,15:18
20220427,TTA35,PDX,16:15,16:13,SEA,17:15,17:24
20220427,TTA23,SFO,17:35,17:38,SEA,19:45,21:20
20220427,TTA36,SEA,18:15,18:18,PDX,19:15,19:14
20220427,TTA37,PDX,20:15,20:20,SEA,21:15,21:27
20220428,TTA30,SEA,06:15,06:15,PDX,07:15,07:14
20220428,TTA10,SEA,06:10,06:18,LAX,08:55,09:02
20220428,TTA20,SEA,06:30,06:28,SFO,08:40,08:42
20220428,TTA31,PDX,08:15,08:19,SEA,09:15,09:34
20220428,TTA11,LAX,09:50,09:51,SEA,12:35,12:33
20220428,TTA21,SFO,10:05,10:08,SEA,12:15,12:28
20220428,TTA32,SEA,10:15,10:22,PDX,11:15,11:18
20220428,TTA33,PDX,12:15,12:11,SEA,13:15,13:15
20220428,TTA12,SEA,14:05,14:03,LAX,16:50,16:45
20220428,TTA22,SEA,13:35,15:10,SFO,15:45,15:51
20220428,TTA23,SFO,17:35,17:37,SEA,19:45,19:54
20220428,TTA13,LAX,18:05,18:05,SEA,20:50,20:57
20220428,TTA36,SEA,18:15,18:14,PDX,19:15,19:56
20220428,TTA37,PDX,20:15,20:21,SEA,21:15,21:19
20220429,TTA10,SEA,06:10,06:07,LAX,08:55,08:58
20220429,TTA30,SEA,06:15,06:23,PDX,07:15,07:14
20220429,TTA20,SEA,06:30,06:38,SFO,08:40,08:52
20220429,TTA31,PDX,08:15,08:08,SEA,09:15,09:24
20220429,TTA21,SFO,10:05,10:08,SEA,12:15,12:20
20220429,TTA11,LAX,09:50,10:10,SEA,12:35,12:31
20220429,TTA34,SEA,14:15,14:16,PDX,15:15,15:16
20220429,TTA35,PDX,16:15,16:23,SEA,17:15,17:25
20220429,TTA36,SEA,18:15,19:50,PDX,19:15,19:12
20220429,TTA37,PDX,20:15,20:11,SEA,21:15,21:22
20220430,TTA32,SEA,10:15,,PDX,11:15,
20220430,TTA33,PDX,12:15,,SEA,13:15,
20220430,TTA10,SEA,06:10,,LAX,08:55,
20220430,TTA11,LAX,09:50,,SEA,12:35,
20220430,TTA30,SEA,06:15,06:11,PDX,07:15,07:26
20220430,TTA20,SEA,06:30,06:33,SFO,08:40,08:40
20220430,TTA31,PDX,08:15,08:22,SEA,09:15,09:12
20220430,TTA21,SFO,10:05,10:05,SEA,12:15,12:24
20220430,TTA22,SEA,13:35,13:38,SFO,15:45,15:54
20220430,TTA12,SEA,14:05,14:10,LAX,16:50,16:52
20220430,TTA23,SFO,17:35,17:38,SEA,19:45,19:53
20220430,TTA13,LAX,18:05,18:01,SEA,20:50,21:03
20220430,TTA36,SEA,18:15,18:17,PDX,19:15,19:15
20220430,TTA37,PDX,20:15,20:26,SEA,21:15,21:24
20220501,TTA30,SEA,06:15,06:11,PDX,07:15,07:21
20220501,TTA10,SEA,06:10,06:17,LAX,08:55,08:55
20220501,TTA20,SEA,06:30,07:12,SFO,08:40,08:57
20220501,TTA31,PDX,08:15,08:10,SEA,09:15,09:14
20220501,TTA11,LAX,09:50,09:45,SEA,12:35,12:43
20220501,TTA21,SFO,10:05,10:15,SEA,12:15,12:28
20220501,TTA32,SEA,10:15,10:24,PDX,11:15,11:23
20220501,TTA33,PDX,12:15,12:13,SEA,13:15,13:14
20220501,TTA22,SEA,13:35,13:42,SFO,15:45,15:52
20220501,TTA12,SEA,14:05,14:14,LAX,16:50,16:58
20220501,TTA34,SEA,14:15,14:15,PDX,15:15,15:10
20220501,TTA35,PDX,16:15,16:30,SEA,17:15,17:20
20220501,TTA23,SFO,17:35,17:36,SEA,19:45,19:44
20220501,TTA36,SEA,18:15,18:19,PDX,19:15,19:10
20220501,TTA13,LAX,18:05,18:46,SEA,20:50,20:54
20220501,TTA37,PDX,20:15,20:18,SEA,21:15,21:25
20220502,TTA30,SEA,06:15,06:15,PDX,07:15,07:19
20220502,TTA10,SEA,06:10,06:22,LAX,08:55,09:05
20220502,TTA20,SEA,06:30,06:32,SFO,08:40,08:44
20220502,TTA31,PDX,08:15,08:24,SEA,09:15,09:31
20220502,TTA11,LAX,09:50,10:02,SEA,12:35,12:52
20220502,TTA32,SEA,10:15,10:30,PDX,11:15,11:15
20220502,TTA21,SFO,10:05,11:41,SEA,12:15,12:19
20220502,TTA33,PDX,12:15,12:22,SEA,13:15,13:23
20220502,TTA22,SEA,13:35,13:37,SFO,15:45,15:49
20220502,TTA12,SEA,14:05,14:04,LAX,16:50,16:58
20220502,TTA34,SEA,14:15,14:24,PDX,15:15,15:32
20220502,TTA35,PDX,16:15,16:14,SEA,17:15,17:18
20220502,TTA23,SFO,17:35,17:45,SEA,19:45,19:46
20220502,TTA13,LAX,18:05,18:06,SEA,20:50,20:50
20220502,TTA36,SEA,18:15,18:57,PDX,19:15,19:25
20220502,TTA37,PDX,20:15,20:25,SEA,21:15,21:13
20220503,TTA30,SEA,06:15,06:18,PDX,07:15,07:22
20220503,TTA10,SEA,06:10,06:29,LAX,08:55,08:55
20220503,TTA20,SEA,06:30,06:40,SFO,08:40,08:40
20220503,TTA31,PDX,08:15,08:15,SEA,09:15,09:18
20220503,TTA11,LAX,09:50,09:51,SEA,12:35,12:33
20220503,TTA21,SFO,10:05,10:09,SEA,12:15,12:23
20220503,TTA32,SEA,10:15,10:25,PDX,11:15,11:35
20220503,TTA33,PDX,12:15,12:18,SEA,13:15,13:27
20220503,TTA22,SEA,13:35,13:35,SFO,15:45,15:41
20220503,TTA12,SEA,14:05,14:06,LAX,16:50,17:04
20220503,TTA34,SEA,14:15,14:25,PDX,15:15,15:12
20220503,TTA35,PDX,16:15,17:15,SEA,17:15,17:10
20220503,TTA23,SFO,17:35,17:39,SEA,19:45,19:52
20220503,TTA13,LAX,18:05,18:12,SEA,20:50,20:49
20220503,TTA36,SEA,18:15,18:57,PDX,19:15,19:22
20220503,TTA37,PDX,20:15,20:15,SEA,21:15,21:20
20220504,TTA10,SEA,06:10,06:11,LAX,08:55,09:05
20220504,TTA30,SEA,06:15,06:29,PDX,07:15,07:24
20220504,TTA20,SEA,06:30,06:37,SFO,08:40,08:40
20220504,TTA31,PDX,08:15,08:29,SEA,09:15,10:10
20220504,TTA11,LAX,09:50,10:01,SEA,12:35,12:35
20220504,TTA21,SFO,10:05,10:09,SEA,12:15,12:12
20220504,TTA32,SEA,10:15,10:16,PDX,11:15,11:19
20220504,TTA22,SEA,13:35,13:35,SFO,15:45,16:03
20220504,TTA33,PDX,12:15,13:50,SEA,13:15,13:24
20220504,TTA12,SEA,14:05,14:03,LAX,16:50,17:10
20220504,TTA34,SEA,14:15,14:29,PDX,15:15,15:17
20220504,TTA35,PDX,16:15,16:18,SEA,17:15,17:15
20220504,TTA23,SFO,17:35,17:51,SEA,19:45,20:02
20220504,TTA36,SEA,18:15,18:13,PDX,19:15,19:14
20220504,TTA13,LAX,18:05,18:23,SEA,20:50,20:50
20220504,TTA37,PDX,20:15,20:35,SEA,21:15,21:11
20220505,TTA21,SFO,10:05,,SEA,12:15,
20220505,TTA20,SEA,06:30,,SFO,08:40,
20220505,TTA10,SEA,06:10,06:17,LAX,08:55,09:14
20220505,TTA30,SEA,06:15,06:21,PDX,07:15,07:23
20220505,TTA31,PDX,08:15,08:23,SEA,09:15,09:12
20220505,TTA11,LAX,09:50,09:45,SEA,12:35,12:54
20220505,TTA32,SEA,10:15,10:22,PDX,11:15,11:22
20220505,TTA33,PDX,12:15,12:22,SEA,13:15,13:14
20220505,TTA22,SEA,13:35,13:41,SFO,15:45,15:49
20220505,TTA12,SEA,14:05,14:07,LAX,16:50,16:53
20220505,TTA34,SEA,14:15,14:24,PDX,15:15,15:31
20220505,TTA35,PDX,16:15,16:08,SEA,17:15,17:14
20220505,TTA23,SFO,17:35,17:44,SEA,19:45,19:49
20220505,TTA13,LAX,18:05,18:01,SEA,20:50,20:53
20220505,TTA36,SEA,18:15,18:27,PDX,19:15,19:12
20220505,TTA37,PDX,20:15,20:24,SEA,21:15,21:24
20220506,TTA10,SEA,06:10,06:13,LAX,08:55,08:54
20220506,TTA30,SEA,06:15,06:20,PDX,07:15,07:10
20220506,TTA20,SEA,06:30,06:26,SFO,08:40,08:52
20220506,TTA31,PDX,08:15,08:21,SEA,09:15,09:15
20220506,TTA11,LAX,09:50,09:46,SEA,12:35,12:28
20220506,TTA21,SFO,10:05,10:11,SEA,12:15,12:13
20220506,TTA32,SEA,10:15,10:12,PDX,11:15,11:24
20220506,TTA33,PDX,12:15,12:24,SEA,13:15,13:19
20220506,TTA22,SEA,13:35,13:40,SFO,15:45,15:46
20220506,TTA12,SEA,14:05,14:09,LAX,16:50,16:59
20220506,TTA34,SEA,14:15,14:21,PDX,15:15,15:21
20220506,TTA35,PDX,16:15,16:22,SEA,17:15,17:21
20220506,TTA23,SFO,17:35,17:31,SEA,19:45,19:40
20220506,TTA36,SEA,18:15,18:12,PDX,19:15,19:26
20220506,TTA13,LAX,18:05,18:19,SEA,20:50,20:50
20220506,TTA37,PDX,20:15,20:15,SEA,21:15,21:22
20220507,TTA10,SEA,06:10,06:13,LAX,08:55,09:02
20220507,TTA30,SEA,06:15,06:17,PDX,07:15,07:21
20220507,TTA20,SEA,06:30,06:25,SFO,08:40,08:40
20220507,TTA31,PDX,08:15,08:10,SEA,09:15,09:22
20220507,TTA11,LAX,09:50,10:09,SEA,12:35,12:35
20220507,TTA21,SFO,10:05,10:10,SEA,12:15,12:10
20220507,TTA32,SEA,10:15,10:20,PDX,11:15,11:23
20220507,TTA33,PDX,12:15,12:17,SEA,13:15,13:22
20220507,TTA22,SEA,13:35,14:16,SFO,15:45,15:45
20220507,TTA34,SEA,14:15,14:30,PDX,15:15,15:10
20220507,TTA12,SEA,14:05,15:00,LAX,16:50,16:59
20220507,TTA35,PDX,16:15,16:26,SEA,17:15,17:21
20220507,TTA23,SFO,17:35,17:54,SEA,19:45,20:00
20220507,TTA13,LAX,18:05,18:09,SEA,20:50,20:49
20220507,TTA36,SEA,18:15,18:55,PDX,19:15,19:13
20220507,TTA37,PDX,20:15,20:14,SEA,21:15,21:56
20220508,TTA10,SEA,06:10,06:08,LAX,08:55,08:55
20220508,TTA30,SEA,06:15,06:14,PDX,07:15,07:23
20220508,TTA20,SEA,06:30,06:35,SFO,08:40,08:51
20220508,TTA31,PDX,08:15,08:23,SEA,09:15,10:50
20220508,TTA11,LAX,09:50,10:00,SEA,12:35,12:37
20220508,TTA21,SFO,10:05,10:05,SEA,12:15,12:15
20220508,TTA32,SEA,10:15,10:17,PDX,11:15,11:22
20220508,TTA33,PDX,12:15,12:18,SEA,13:15,13:25
20220508,TTA22,SEA,13:35,13:55,SFO,15:45,15:52
20220508,TTA12,SEA,14:05,14:04,LAX,16:50,16:50
20220508,TTA34,SEA,14:15,14:23,PDX,15:15,15:23
20220508,TTA35,PDX,16:15,16:15,SEA,17:15,17:22
20220508,TTA23,SFO,17:35,17:35,SEA,19:45,19:57
20220508,TTA13,LAX,18:05,18:10,SEA,20:50,20:47
20220508,TTA36,SEA,18:15,18:14,PDX,19:15,19:18
20220508,TTA37,PDX,20:15,20:13,SEA,21:15,21:28
20220509,TTA30,SEA,06:15,06:23,PDX,07:15,07:11
20220509,TTA10,SEA,06:10,06:26,LAX,08:55,08:50
20220509,TTA20,SEA,06:30,07:30,SFO,08:40,08:44
20220509,TTA31,PDX,08:15,08:15,SEA,09:15,09:24
20220509,TTA11,LAX,09:50,09:52,SEA,12:35,12:43
20220509,TTA21,SFO,10:05,10:03,SEA,12:15,12:23
20220509,TTA32,SEA,10:15,10:13,PDX,11:15,11:21
20220509,TTA33,PDX,12:15,12:16,SEA,13:15,13:16
20220509,TTA22,SEA,13:35,13:44,SFO,15:45,15:45
20220509,TTA34,SEA,14:15,14:10,PDX,15:15,15:17
20220509,TTA12,SEA,14:05,14:12,LAX,16:50,16:50
20220509,TTA35,PDX,16:15,16:17,SEA,17:15,17:11
20220509,TTA23,SFO,17:35,17:47,SEA,19:45,19:42
20220509,TTA13,LAX,18:05,18:04,SEA,20:50,20:53
20220509,TTA36,SEA,18:15,18:16,PDX,19:15,19:19
20220509,TTA37,PDX,20:15,20:33,SEA,21:15,21:29
20220510,TTA10,SEA,06:10,06:20,LAX,08:55,09:03
20220510,TTA30,SEA,06:15,06:27,PDX,07:15,07:15
20220510,TTA20,SEA,06:30,06:38,SFO,08:40,08:36
20220510,TTA31,PDX,08:15,08:56,SEA,09:15,09:56
20220510,TTA11,LAX,09:50,09:46,SEA,12:35,12:37
20220510,TTA21,SFO,10:05,10:06,SEA,12:15,12:17
20220510,TTA32,SEA,10:15,10:55,PDX,11:15,11:18
20220510,TTA33,PDX,12:15,12:15,SEA,13:15,13:16
20220510,TTA22,SEA,13:35,13:42,SFO,15:45,15:45
20220510,TTA12,SEA,14:05,14:14,LAX,16:50,16:56
20220510,TTA34,SEA,14:15,14:28,PDX,15:15,15:18
20220510,TTA35,PDX,16:15,16:19,SEA,17:15,17:35
20220510,TTA23,SFO,17:35,17:54,SEA,19:45,19:45
20220510,TTA13,LAX,18:05,18:11,SEA,20:50,20:59
20220510,TTA36,SEA,18:15,18:34,PDX,19:15,20:15
20220510,TTA37,PDX,20:15,20:18,SEA,21:15,21:15
20220511,TTA10,SEA,06:10,06:10,LAX,08:55,09:14
20220511,TTA30,SEA,06:15,06:20,PDX,07:15,07:13
20220511,TTA20,SEA,06:30,06:32,SFO,08:40,08:45
20220511,TTA31,PDX,08:15,08:25,SEA,09:15,09:13
20220511,TTA11,LAX,09:50,09:49,SEA,12:35,12:42
20220511,TTA32,SEA,10:15,10:25,PDX,11:15,11:15
20220511,TTA21,SFO,10:05,11:05,SEA,12:15,12:56
20220511,TTA33,PDX,12:15,12:12,SEA,13:15,13:17
20220511,TTA22,SEA,13:35,13:35,SFO,15:45,15:59
20220511,TTA12,SEA,14:05,14:11,LAX,16:50,16:57
20220511,TTA34,SEA,14:15,14:22,PDX,15:15,15:16
20220511,TTA35,PDX,16:15,17:15,SEA,17:15,17:23
20220511,TTA36,SEA,18:15,18:10,PDX,19:15,19:17
20220511,TTA23,SFO,17:35,18:17,SEA,19:45,20:03
20220511,TTA13,LAX,18:05,18:22,SEA,20:50,21:00
20220511,TTA37,PDX,20:15,20:31,SEA,21:15,21:16
20220512,TTA20,SEA,06:30,06:26,SFO,08:40,08:48
20220512,TTA30,SEA,06:15,06:27,PDX,07:15,07:10
20220512,TTA10,SEA,06:10,07:10,LAX,08:55,08:55
20220512,TTA31,PDX,08:15,08:17,SEA,09:15,09:11
20220512,TTA11,LAX,09:50,09:57,SEA,12:35,14:11
20220512,TTA21,SFO,10:05,10:06,SEA,12:15,12:14
20220512,TTA32,SEA,10:15,10:29,PDX,11:15,11:10
20220512,TTA33,PDX,12:15,12:14,SEA,13:15,13:20
20220512,TTA22,SEA,13:35,13:51,SFO,15:45,15:45
20220512,TTA12,SEA,14:05,13:59,LAX,16:50,17:00
20220512,TTA34,SEA,14:15,14:13,PDX,15:15,15:23
20220512,TTA35,PDX,16:15,16:20,SEA,17:15,17:27
20220512,TTA23,SFO,17:35,17:30,SEA,19:45,19:45
20220512,TTA13,LAX,18:05,18:02,SEA,20:50,20:50
20220512,TTA36,SEA,18:15,18:24,PDX,19:15,19:19
20220512,TTA37,PDX,20:15,20:17,SEA,21:15,21:18
20220513,TTA22,SEA,13:35,,SFO,15:45,
20220513,TTA23,SFO,17:35,,SEA,19:45,
20220513,TTA10,SEA,06:10,06:14,LAX,08:55,08:59
20220513,TTA30,SEA,06:15,06:15,PDX,07:15,07:16
20220513,TTA20,SEA,06:30,06:25,SFO,08:40,08:38
20220513,TTA31,PDX,08:15,08:10,SEA,09:15,09:10
20220513,TTA11,LAX,09:50,09:53,SEA,12:35,12:39
20220513,TTA21,SFO,10:05,10:11,SEA,12:15,12:28
20220513,TTA32,SEA,10:15,10:31,PDX,11:15,11:18
20220513,TTA33,PDX,12:15,12:32,SEA,13:15,13:13
20220513,TTA12,SEA,14:05,14:01,LAX,16:50,16:44
20220513,TTA34,SEA,14:15,14:17,PDX,15:15,15:20
20220513,TTA35,PDX,16:15,16:13,SEA,17:15,17:22
20220513,TTA13,LAX,18:05,18:06,SEA,20:50,20:43
20220513,TTA36,SEA,18:15,18:23,PDX,19:15,19:15
20220513,TTA37,PDX,20:15,20:17,SEA,21:15,21:22
20220514,TTA22,SEA,13:35,,SFO,15:45,
20220514,TTA23,SFO,17:35,,SEA,19:45,
20220514,TTA10,SEA,06:10,06:20,LAX,08:55,09:03
20220514,TTA30,SEA,06:15,06:26,PDX,07:15,07:19
20220514,TTA20,SEA,06:30,06:30,SFO,08:40,08:42
20220514,TTA31,PDX,08:15,08:08,SEA,09:15,09:17
20220514,TTA11,LAX,09:50,09:58,SEA,12:35,12:34
20220514,TTA21,SFO,10:05,10:00,SEA,12:15,12:25
20220514,TTA32,SEA,10:15,10:21,PDX,11:15,11:24
20220514,TTA33,PDX,12:15,12:16,SEA,13:15,13:22
20220514,TTA12,SEA,14:05,14:07,LAX,16:50,16:51
20220514,TTA34,SEA,14:15,14:21,PDX,15:15,15:23
20220514,TTA35,PDX,16:15,16:23,SEA,17:15,17:09
20220514,TTA13,LAX,18:05,18:02,SEA,20:50,20:49
20220514,TTA36,SEA,18:15,18:15,PDX,19:15,19:24
20220514,TTA37,PDX,20:15,20:15,SEA,21:15,21:23
20220515,TTA10,SEA,06:10,06:14,LAX,08:55,09:03
20220515,TTA30,SEA,06:15,06:15,PDX,07:15,07:24
20220515,TTA20,SEA,06:30,06:29,SFO,08:40,08:47
20220515,TTA31,PDX,08:15,08:28,SEA,09:15,09:15
20220515,TTA11,LAX,09:50,09:55,SEA,12:35,12:42
20220515,TTA21,SFO,10:05,10:14,SEA,12:15,12:16
20220515,TTA32,SEA,10:15,10:30,PDX,11:15,11:20
20220515,TTA33,PDX,12:15,12:33,SEA,13:15,13:30
20220515,TTA22,SEA,13:35,13:37,SFO,15:45,15:53
20220515,TTA12,SEA,14:05,14:02,LAX,16:50,17:01
20220515,TTA34,SEA,14:15,14:35,PDX,15:15,15:23
20220515,TTA35,PDX,16:15,16:11,SEA,17:15,17:12
20220515,TTA23,SFO,17:35,17:37,SEA,19:45,19:45
20220515,TTA13,LAX,18:05,18:10,SEA,20:50,20:54
20220515,TTA36,SEA,18:15,18:13,PDX,19:15,19:11
20220515,TTA37,PDX,20:15,20:09,SEA,21:15,21:22
20220516,TTA30,SEA,06:15,06:15,PDX,07:15,07:18
20220516,TTA20,SEA,06:30,06:35,SFO,08:40,08:40
20220516,TTA10,SEA,06:10,07:05,LAX,08:55,08:59
20220516,TTA31,PDX,08:15,08:25,SEA,09:15,09:33
20220516,TTA11,LAX,09:50,09:50,SEA,12:35,12:39
20220516,TTA21,SFO,10:05,10:05,SEA,12:15,12:23
20220516,TTA32,SEA,10:15,10:09,PDX,11:15,11:20
20220516,TTA33,PDX,12:15,12:15,SEA,13:15,13:11
20220516,TTA22,SEA,13:35,13:37,SFO,15:45,15:54
20220516,TTA12,SEA,14:05,14:15,LAX,16:50,16:53
20220516,TTA34,SEA,14:15,14:30,PDX,15:15,15:25
20220516,TTA35,PDX,16:15,16:15,SEA,17:15,17:13
20220516,TTA23,SFO,17:35,17:43,SEA,19:45,19:55
20220516,TTA13,LAX,18:05,18:14,SEA,20:50,20:53
20220516,TTA36,SEA,18:15,18:29,PDX,19:15,19:56
20220516,TTA37,PDX,20:15,21:50,SEA,21:15,21:20
20220517,TTA10,SEA,06:10,06:22,LAX,08:55,09:10
20220517,TTA30,SEA,06:15,06:25,PDX,07:15,07:17
20220517,TTA20,SEA,06:30,06:36,SFO,08:40,10:15
20220517,TTA31,PDX,08:15,08:26,SEA,09:15,09:25
20220517,TTA11,LAX,09:50,09:55,SEA,12:35,12:35
20220517,TTA21,SFO,10:05,10:15,SEA,12:15,12:13
20220517,TTA32,SEA,10:15,10:20,PDX,11:15,11:09
20220517,TTA33,PDX,12:15,12:21,SEA,13:15,13:11
20220517,TTA22,SEA,13:35,13:49,SFO,15:45,15:40
20220517,TTA12,SEA,14:05,14:08,LAX,16:50,16:50
20220517,TTA34,SEA,14:15,14:16,PDX,15:15,15:23
20220517,TTA35,PDX,16:15,16:15,SEA,17:15,18:51
20220517,TTA23,SFO,17:35,17:36,SEA,19:45,19:46
20220517,TTA13,LAX,18:05,18:19,SEA,20:50,20:50
20220517,TTA36,SEA,18:15,18:19,PDX,19:15,19:21
20220517,TTA37,PDX,20:15,20:24,SEA,21:15,21:35
20220518,TTA30,SEA,06:15,,PDX,07:15,
20220518,TTA31,PDX,08:15,,SEA,09:15,
20220518,TTA10,SEA,06:10,06:05,LAX,08:55,08:59
20220518,TTA20,SEA,06:30,06:26,SFO,08:40,08:40
20220518,TTA11,LAX,09:50,09:48,SEA,12:35,12:38
20220518,TTA21,SFO,10:05,10:08,SEA,12:15,12:14
20220518,TTA32,SEA,10:15,10:16,PDX,11:15,11:15
20220518,TTA33,PDX,12:15,12:18,SEA,13:15,13:34
20220518,TTA22,SEA,13:35,13:42,SFO,15:45,16:26
20220518,TTA12,SEA,14:05,14:13,LAX,16:50,16:50
20220518,TTA34,SEA,14:15,14:56,PDX,15:15,15:19
20220518,TTA35,PDX,16:15,16:16,SEA,17:15,17:56
20220518,TTA23,SFO,17:35,17:31,SEA,19:45,19:43
20220518,TTA13,LAX,18:05,17:59,SEA,20:50,20:53
20220518,TTA36,SEA,18:15,18:19,PDX,19:15,20:10
20220518,TTA37,PDX,20:15,20:26,SEA,21:15,21:14
20220519,TTA10,SEA,06:10,06:20,LAX,08:55,09:36
20220519,TTA30,SEA,06:15,06:23,PDX,07:15,08:51
20220519,TTA20,SEA,06:30,06:30,SFO,08:40,08:41
20220519,TTA31,PDX,08:15,08:18,SEA,09:15,09:22
20220519,TTA11,LAX,09:50,09:54,SEA,12:35,12:45
20220519,TTA21,SFO,10:05,10:03,SEA,12:15,12:11
20220519,TTA32,SEA,10:15,10:18,PDX,11:15,11:56
20220519,TTA33,PDX,12:15,12:33,SEA,13:15,13:13
20220519,TTA22,SEA,13:35,13:38,SFO,15:45,15:52
20220519,TTA34,SEA,14:15,14:14,PDX,15:15,16:10
20220519,TTA12,SEA,14:05,14:21,LAX,16:50,17:03
20220519,TTA35,PDX,16:15,16:55,SEA,17:15,17:20
20220519,TTA23,SFO,17:35,17:31,SEA,19:45,19:41
20220519,TTA13,LAX,18:05,18:10,SEA,20:50,21:00
20220519,TTA36,SEA,18:15,18:15,PDX,19:15,19:15
20220519,TTA37,PDX,20:15,20:22,SEA,21:15,21:23
20220520,TTA10,SEA,06:10,06:06,LAX,08:55,08:55
20220520,TTA30,SEA,06:15,06:33,PDX,07:15,07:15
20220520,TTA20,SEA,06:30,06:36,SFO,08:40,08:44
20220520,TTA31,PDX,08:15,08:25,SEA,09:15,09:09
20220520,TTA11,LAX,09:50,09:50,SEA,12:35,12:32
20220520,TTA32,SEA,10:15,10:08,PDX,11:15,11:25
20220520,TTA21,SFO,10:05,11:40,SEA,12:15,12:20
20220520,TTA33,PDX,12:15,12:11,SEA,13:15,13:15
20220520,TTA22,SEA,13:35,13:36,SFO,15:45,15:52
20220520,TTA12,SEA,14:05,14:00,LAX,16:50,17:06
20220520,TTA34,SEA,14:15,14:18,PDX,15:15,15:21
20220520,TTA35,PDX,16:15,16:35,SEA,17:15,17:11
20220520,TTA23,SFO,17:35,17:36,SEA,19:45,19:48
20220520,TTA36,SEA,18:15,18:16,PDX,19:15,19:16
20220520,TTA13,LAX,18:05,18:17,SEA,20:50,20:55
20220520,TTA37,PDX,20:15,20:24,SEA,21:15,21:27
20220521,TTA10,SEA,06:10,06:15,LAX,08:55,08:50
20220521,TTA20,SEA,06:30,06:37,SFO,08:40,08:41
20220521,TTA30,SEA,06:15,07:10,PDX,07:15,07:15
20220521,TTA31,PDX,08:15,08:24,SEA,09:15,09:30
20220521,TTA11,LAX,09:50,10:00,SEA,12:35,12:36
20220521,TTA21,SFO,10:05,10:11,SEA,12:15,12:17
20220521,TTA32,SEA,10:15,10:16,PDX,11:15,11:22
20220521,TTA33,PDX,12:15,12:12,SEA,13:15,13:14
20220521,TTA22,SEA,13:35,13:35,SFO,15:45,15:45
20220521,TTA12,SEA,14:05,14:13,LAX,16:50,16:50
20220521,TTA34,SEA,14:15,14:22,PDX,15:15,15:10
20220521,TTA35,PDX,16:15,16:12,SEA,17:15,17:34
20220521,TTA23,SFO,17:35,17:36,SEA,19:45,19:50
20220521,TTA36,SEA,18:15,18:33,PDX,19:15,19:15
20220521,TTA13,LAX,18:05,18:46,SEA,20:50,20:48
20220521,TTA37,PDX,20:15,20:29,SEA,21:15,21:21
20220522,TTA30,SEA,06:15,06:23,PDX,07:15,07:16
20220522,TTA20,SEA,06:30,06:34,SFO,08:40,10:16
20220522,TTA10,SEA,06:10,07:05,LAX,08:55,08:56
20220522,TTA31,PDX,08:15,08:15,SEA,09:15,09:23
20220522,TTA11,LAX,09:50,09:53,SEA,12:35,12:44
20220522,TTA32,SEA,10:15,10:10,PDX,11:15,11:09
20220522,TTA21,SFO,10:05,10:13,SEA,12:15,12:23
20220522,TTA33,PDX,12:15,12:55,SEA,13:15,13:15
20220522,TTA22,SEA,13:35,13:37,SFO,15:45,17:21
20220522,TTA12,SEA,14:05,14:01,LAX,16:50,16:56
20220522,TTA34,SEA,14:15,14:20,PDX,15:15,15:57
20220522,TTA35,PDX,16:15,16:15,SEA,17:15,17:15
20220522,TTA23,SFO,17:35,17:45,SEA,19:45,19:42
20220522,TTA13,LAX,18:05,18:12,SEA,20:50,21:06
20220522,TTA36,SEA,18:15,18:15,PDX,19:15,19:25
20220522,TTA37,PDX,20:15,20:20,SEA,21:15,21:11
20220523,TTA10,SEA,06:10,06:09,LAX,08:55,09:04
20220523,TTA30,SEA,06:15,06:17,PDX,07:15,07:11
20220523,TTA20,SEA,06:30,06:32,SFO,08:40,08:54
20220523,TTA31,PDX,08:15,08:12,SEA,09:15,09:20
20220523,TTA11,LAX,09:50,09:56,SEA,12:35,12:41
20220523,TTA21,SFO,10:05,10:13,SEA,12:15,12:21
20220523,TTA32,SEA,10:15,10:15,PDX,11:15,11:14
20220523,TTA33,PDX,12:15,12:20,SEA,13:15,13:29
20220523,TTA12,SEA,14:05,14:17,LAX,16:50,17:02
20220523,TTA34,SEA,14:15,14:20,PDX,15:15,15:11
20220523,TTA22,SEA,13:35,15:11,SFO,15:45,15:44
20220523,TTA35,PDX,16:15,16:17,SEA,17:15,17:21
20220523,TTA23,SFO,17:35,17:44,SEA,19:45,19:47
20220523,TTA13,LAX,18:05,18:05,SEA,20:50,21:05
20220523,TTA36,SEA,18:15,18:26,PDX,19:15,19:25
20220523,TTA37,PDX,20:15,20:16,SEA,21:15,21:25
20220524,TTA10,SEA,06:10,06:09,LAX,08:55,08:55
20220524,TTA30,SEA,06:15,06:21,PDX,07:15,07:17
20220524,TTA20,SEA,06:30,06:30,SFO,08:40,08:59
20220524,TTA31,PDX,08:15,08:23,SEA,09:15,09:20
20220524,TTA11,LAX,09:50,09:57,SEA,12:35,12:40
20220524,TTA21,SFO,10:05,10:06,SEA,12:15,12:12
20220524,TTA32,SEA,10:15,10:27,PDX,11:15,11:16
20220524,TTA33,PDX,12:15,12:14,SEA,13:15,13:11
20220524,TTA22,SEA,13:35,13:50,SFO,15:45,16:04
20220524,TTA12,SEA,14:05,14:00,LAX,16:50,16:49
20220524,TTA34,SEA,14:15,14:27,PDX,15:15,15:15
20220524,TTA35,PDX,16:15,16:11,SEA,17:15,17:28
20220524,TTA23,SFO,17:35,17:35,SEA,19:45,19:44
20220524,TTA13,LAX,18:05,17:58,SEA,20:50,20:53
20220524,TTA36,SEA,18:15,18:15,PDX,19:15,19:10
20220524,TTA37,PDX,20:15,20:13,SEA,21:15,21:15
20220525,TTA10,SEA,06:10,06:13,LAX,08:55,09:15
20220525,TTA30,SEA,06:15,06:16,PDX,07:15,07:23
20220525,TTA20,SEA,06:30,06:33,SFO,08:40,08:38
20220525,TTA31,PDX,08:15,08:24,SEA,09:15,09:21
20220525,TTA11,LAX,09:50,09:59,SEA,12:35,12:39
20220525,TTA21,SFO,10:05,10:14,SEA,12:15,12:22
20220525,TTA32,SEA,10:15,10:25,PDX,11:15,11:25
20220525,TTA33,PDX,12:15,12:21,SEA,13:15,13:19
20220525,TTA22,SEA,13:35,13:50,SFO,15:45,17:20
20220525,TTA12,SEA,14:05,14:12,LAX,16:50,16:43
20220525,TTA34,SEA,14:15,14:22,PDX,15:15,15:19
20220525,TTA35,PDX,16:15,16:19,SEA,17:15,17:24
20220525,TTA23,SFO,17:35,17:39,SEA,19:45,19:47
20220525,TTA13,LAX,18:05,18:13,SEA,20:50,20:56
20220525,TTA36,SEA,18:15,18:16,PDX,19:15,19:32
20220525,TTA37,PDX,20:15,20:21,SEA,21:15,21:21
20220526,TTA10,SEA,06:10,06:15,LAX,08:55,08:51
20220526,TTA30,SEA,06:15,06:25,PDX,07:15,07:55
20220526,TTA20,SEA,06:30,08:05,SFO,08:40,08:44
20220526,TTA31,PDX,08:15,08:26,SEA,09:15,09:34
20220526,TTA11,LAX,09:50,09:50,SEA,12:35,12:31
20220526,TTA21,SFO,10:05,10:01,SEA,12:15,12:21
20220526,TTA32,SEA,10:15,11:15,PDX,11:15,11:19
20220526,TTA33,PDX,12:15,12:22,SEA,13:15,13:22
20220526,TTA22,SEA,13:35,13:38,SFO,15:45,15:41
20220526,TTA12,SEA,14:05,14:07,LAX,16:50,16:56
20220526,TTA34,SEA,14:15,14:16,PDX,15:15,15:24
20220526,TTA35,PDX,16:15,16:15,SEA,17:15,17:14
20220526,TTA23,SFO,17:35,17:44,SEA,19:45,19:54
20220526,TTA13,LAX,18:05,18:15,SEA,20:50,20:57
20220526,TTA36,SEA,18:15,18:34,PDX,19:15,19:14
20220526,TTA37,PDX,20:15,20:12,SEA,21:15,21:23
20220527,TTA10,SEA,06:10,06:07,LAX,08:55,08:58
20220527,TTA30,SEA,06:15,06:14,PDX,07:15,08:10
20220527,TTA20,SEA,06:30,06:25,SFO,08:40,08:38
20220527,TTA31,PDX,08:15,08:15,SEA,09:15,09:30
20220527,TTA11,LAX,09:50,09:52,SEA,12:35,12:34
20220527,TTA21,SFO,10:05,10:12,SEA,12:15,12:27
20220527,TTA32,SEA,10:15,10:15,PDX,11:15,11:30
20220527,TTA33,PDX,12:15,12:11,SEA,13:15,13:22
20220527,TTA22,SEA,13:35,13:36,SFO,15:45,16:26
20220527,TTA12,SEA,14:05,14:11,LAX,16:50,16:44
20220527,TTA34,SEA,14:15,14:56,PDX,15:15,15:23
20220527,TTA35,PDX,16:15,16:12,SEA,17:15,17:13
20220527,TTA23,SFO,17:35,17:35,SEA,19:45,19:46
20220527,TTA13,LAX,18:05,18:15,SEA,20:50,20:58
20220527,TTA36,SEA,18:15,18:23,PDX,19:15,20:15
20220527,TTA37,PDX,20:15,20:24,SEA,21:15,21:20
20220528,TTA10,SEA,06:10,06:20,LAX,08:55,08:48
20220528,TTA20,SEA,06:30,06:25,SFO,08:40,08:41
20220528,TTA30,SEA,06:15,06:57,PDX,07:15,07:17
20220528,TTA31,PDX,08:15,08:17,SEA,09:15,09:55
20220528,TTA11,LAX,09:50,09:55,SEA,12:35,12:37
20220528,TTA32,SEA,10:15,10:13,PDX,11:15,11:11
20220528,TTA21,SFO,10:05,10:19,SEA,12:15,12:12
20220528,TTA33,PDX,12:15,12:19,SEA,13:15,13:17
20220528,TTA22,SEA,13:35,13:49,SFO,15:45,15:44
20220528,TTA12,SEA,14:05,14:12,LAX,16:50,16:53
20220528,TTA34,SEA,14:15,14:15,PDX,15:15,15:20
20220528,TTA35,PDX,16:15,16:11,SEA,17:15,17:22
20220528,TTA23,SFO,17:35,17:35,SEA,19:45,19:43
20220528,TTA13,LAX,18:05,18:03,SEA,20:50,21:50
20220528,TTA36,SEA,18:15,18:21,PDX,19:15,19:29
20220528,TTA37,PDX,20:15,20:15,SEA,21:15,21:22
20220529,TTA10,SEA,06:10,06:10,LAX,08:55,08:56
20220529,TTA30,SEA,06:15,06:23,PDX,07:15,07:21
20220529,TTA20,SEA,06:30,06:32,SFO,08:40,08:39
20220529,TTA31,PDX,08:15,08:22,SEA,09:15,09:20
20220529,TTA11,LAX,09:50,10:00,SEA,12:35,12:30
20220529,TTA21,SFO,10:05,10:06,SEA,12:15,12:15
20220529,TTA32,SEA,10:15,10:09,PDX,11:15,11:23
20220529,TTA33,PDX,12:15,12:26,SEA,13:15,13:12
20220529,TTA22,SEA,13:35,13:37,SFO,15:45,15:54
20220529,TTA12,SEA,14:05,14:08,LAX,16:50,16:52
20220529,TTA34,SEA,14:15,14:13,PDX,15:15,15:17
20220529,TTA35,PDX,16:15,16:57,SEA,17:15,17:15
20220529,TTA23,SFO,17:35,17:42,SEA,19:45,19:52
20220529,TTA13,LAX,18:05,18:05,SEA,20:50,20:45
20220529,TTA36,SEA,18:15,18:24,PDX,19:15,19:17
20220529,TTA37,PDX,20:15,20:15,SEA,21:15,21:15
20220530,TTA10,SEA,06:10,06:10,LAX,08:55,09:03
20220530,TTA30,SEA,06:15,06:22,PDX,07:15,07:29
20220530,TTA20,SEA,06:30,06:30,SFO,08:40,08:49
20220530,TTA31,PDX,08:15,08:18,SEA,09:15,09:14
20220530,TTA11,LAX,09:50,09:59,SEA,12:35,13:35
20220530,TTA21,SFO,10:05,10:11,SEA,12:15,12:12
20220530,TTA32,SEA,10:15,10:34,PDX,11:15,11:14
20220530,TTA33,PDX,12:15,12:16,SEA,13:15,14:50
20220530,TTA22,SEA,13:35,13:42,SFO,15:45,15:53
20220530,TTA12,SEA,14:05,14:00,LAX,16:50,16:51
20220530,TTA34,SEA,14:15,14:12,PDX,15:15,15:17
20220530,TTA35,PDX,16:15,16:15,SEA,17:15,17:14
20220530,TTA23,SFO,17:35,17:38,SEA,19:45,19:45
20220530,TTA13,LAX,18:05,18:03,SEA,20:50,20:53
20220530,TTA36,SEA,18:15,18:24,PDX,19:15,19:33
20220530,TTA37,PDX,20:15,20:19,SEA,21:15,21:23
20220531,TTA30,SEA,06:15,06:15,PDX,07:15,07:09
20220531,TTA10,SEA,06:10,06:18,LAX,08:55,09:07
20220531,TTA20,SEA,06:30,07:30,SFO,08:40,08:40
20220531,TTA31,PDX,08:15,08:10,SEA,09:15,09:33
20220531,TTA11,LAX,09:50,09:49,SEA,12:35,12:38
20220531,TTA21,SFO,10:05,10:14,SEA,12:15,12:10
20220531,TTA32,SEA,10:15,10:24,PDX,11:15,11:25
20220531,TTA33,PDX,12:15,12:20,SEA,13:15,13:21
20220531,TTA22,SEA,13:35,13:37,SFO,15:45,15:55
20220531,TTA12,SEA,14:05,14:07,LAX,16:50,16:56
20220531,TTA34,SEA,14:15,14:55,PDX,15:15,15:09
20220531,TTA35,PDX,16:15,16:24,SEA,17:15,17:25
20220531,TTA13,LAX,18:05,18:00,SEA,20:50,20:50
20220531,TTA36,SEA,18:15,18:15,PDX,19:15,19:16
20220531,TTA23,SFO,17:35,18:16,SEA,19:45,19:40
20220531,TTA37,PDX,20:15,20:24,SEA,21:15,21:25
20220601,TTA31,PDX,08:15,,SEA,09:15,
20220601,TTA30,SEA,06:15,,PDX,07:15,
20220601,TTA10,SEA,06:10,06:07,LAX,08:55,09:15
20220601,TTA20,SEA,06:30,06:50,SFO,08:40,08:33
20220601,TTA11,LAX,09:50,09:59,SEA,12:35,12:35
20220601,TTA21,SFO,10:05,10:12,SEA,12:15,12:21
20220601,TTA32,SEA,10:15,10:25,PDX,11:15,11:15
20220601,TTA33,PDX,12:15,12:23,SEA,13:15,13:23
20220601,TTA22,SEA,13:35,13:47,SFO,15:45,15:44
20220601,TTA12,SEA,14:05,14:07,LAX,16:50,16:46
20220601,TTA34,SEA,14:15,14:35,PDX,15:15,15:15
20220601,TTA35,PDX,16:15,16:30,SEA,17:15,17:17
20220601,TTA23,SFO,17:35,17:40,SEA,19:45,20:40
20220601,TTA36,SEA,18:15,18:09,PDX,19:15,19:08
20220601,TTA13,LAX,18:05,18:18,SEA,20:50,21:02
20220601,TTA37,PDX,20:15,20:23,SEA,21:15,21:17
20220602,TTA30,SEA,06:15,06:09,PDX,07:15,07:14
20220602,TTA10,SEA,06:10,06:10,LAX,08:55,08:59
20220602,TTA20,SEA,06:30,06:29,SFO,08:40,08:56
20220602,TTA31,PDX,08:15,08:17,SEA,09:15,09:11
20220602,TTA11,LAX,09:50,09:58,SEA,12:35,12:30
20220602,TTA32,SEA,10:15,10:10,PDX,11:15,11:20
20220602,TTA21,SFO,10:05,10:15,SEA,12:15,12:24
20220602,TTA33,PDX,12:15,12:18,SEA,13:15,13:08
20220602,TTA22,SEA,13:35,13:35,SFO,15:45,17:21
20220602,TTA12,SEA,14:05,14:07,LAX,16:50,16:49
20220602,TTA34,SEA,14:15,14:17,PDX,15:15,15:19
20220602,TTA35,PDX,16:15,16:13,SEA,17:15,18:10
20220602,TTA23,SFO,17:35,17:35,SEA,19:45,20:03
20220602,TTA13,LAX,18:05,18:07,SEA,20:50,22:26
20220602,TTA36,SEA,18:15,18:21,PDX,19:15,19:15
20220602,TTA37,PDX,20:15,20:14,SEA,21:15,21:55
20220603,TTA30,SEA,06:15,06:15,PDX,07:15,07:19
20220603,TTA10,SEA,06:10,06:28,LAX,08:55,08:57
20220603,TTA20,SEA,06:30,06:34,SFO,08:40,08:53
20220603,TTA31,PDX,08:15,08:24,SEA,09:15,09:13
20220603,TTA11,LAX,09:50,09:52,SEA,12:35,12:42
20220603,TTA21,SFO,10:05,10:07,SEA,12:15,12:14
20220603,TTA32,SEA,10:15,10:23,PDX,11:15,11:14
20220603,TTA33,PDX,12:15,12:10,SEA,13:15,13:12
20220603,TTA22,SEA,13:35,13:43,SFO,15:45,15:50
20220603,TTA34,SEA,14:15,14:15,PDX,15:15,15:17
20220603,TTA12,SEA,14:05,15:00,LAX,16:50,16:58
20220603,TTA35,PDX,16:15,16:15,SEA,17:15,17:13
20220603,TTA23,SFO,17:35,17:46,SEA,19:45,19:45
20220603,TTA13,LAX,18:05,18:15,SEA,20:50,21:32
20220603,TTA36,SEA,18:15,18:23,PDX,19:15,19:26
20220603,TTA37,PDX,20:15,20:25,SEA,21:15,21:19
20220604,TTA10,SEA,06:10,06:16,LAX,08:55,08:53
20220604,TTA30,SEA,06:15,06:17,PDX,07:15,07:30
20220604,TTA20,SEA,06:30,06:42,SFO,08:40,08:59
20220604,TTA31,PDX,08:15,08:17,SEA,09:15,09:32
20220604,TTA11,LAX,09:50,09:52,SEA,12:35,12:33
20220604,TTA21,SFO,10:05,10:06,SEA,12:15,12:25
20220604,TTA32,SEA,10:15,10:11,PDX,11:15,11:21
20220604,TTA33,PDX,12:15,12:31,SEA,13:15,13:21
20220604,TTA22,SEA,13:35,13:43,SFO,15:45,15:50
20220604,TTA34,SEA,14:15,14:12,PDX,15:15,15:15
20220604,TTA12,SEA,14:05,14:15,LAX,16:50,16:56
20220604,TTA35,PDX,16:15,16:16,SEA,17:15,17:32
20220604,TTA23,SFO,17:35,17:35,SEA,19:45,20:27
20220604,TTA13,LAX,18:05,18:15,SEA,20:50,20:58
20220604,TTA36,SEA,18:15,18:15,PDX,19:15,19:25
20220604,TTA37,PDX,20:15,20:24,SEA,21:15,21:26
20220605,TTA10,SEA,06:10,06:22,LAX,08:55,08:55
20220605,TTA30,SEA,06:15,06:32,PDX,07:15,07:23
20220605,TTA20,SEA,06:30,06:38,SFO,08:40,08:38
20220605,TTA31,PDX,08:15,08:22,SEA,09:15,09:22
20220605,TTA11,LAX,09:50,09:44,SEA,12:35,12:33
20220605,TTA32,SEA,10:15,10:10,PDX,11:15,11:17
20220605,TTA21,SFO,10:05,11:40,SEA,12:15,12:30
20220605,TTA33,PDX,12:15,12:15,SEA,13:15,13:15
20220605,TTA22,SEA,13:35,13:34,SFO,15:45,15:40
20220605,TTA34,SEA,14:15,14:25,PDX,15:15,15:15
20220605,TTA12,SEA,14:05,15:40,LAX,16:50,17:05
20220605,TTA35,PDX,16:15,16:18,SEA,17:15,17:25
20220605,TTA23,SFO,17:35,17:35,SEA,19:45,19:57
20220605,TTA13,LAX,18:05,18:09,SEA,20:50,20:54
20220605,TTA36,SEA,18:15,18:18,PDX,19:15,19:22
20220605,TTA37,PDX,20:15,20:21,SEA,21:15,21:57
20220606,TTA21,SFO,10:05,,SEA,12:15,
20220606,TTA20,SEA,06:30,,SFO,08:40,
20220606,TTA10,SEA,06:10,06:05,LAX,08:55,09:00
20220606,TTA30,SEA,06:15,06:15,PDX,07:15,07:08
20220606,TTA31,PDX,08:15,08:11,SEA,09:15,10:15
20220606,TTA11,LAX,09:50,10:00,SEA,12:35,12:41
20220606,TTA32,SEA,10:15,10:22,PDX,11:15,11:35
20220606,TTA33,PDX,12:15,12:27,SEA,13:15,13:14
20220606,TTA22,SEA,13:35,13:33,SFO,15:45,15:51
20220606,TTA12,SEA,14:05,14:01,LAX,16:50,16:47
20220606,TTA34,SEA,14:15,14:16,PDX,15:15,15:17
20220606,TTA35,PDX,16:15,16:11,SEA,17:15,17:20
20220606,TTA23,SFO,17:35,17:35,SEA,19:45,19:47
20220606,TTA13,LAX,18:05,18:04,SEA,20:50,20:51
20220606,TTA36,SEA,18:15,18:23,PDX,19:15,19:20
20220606,TTA37,PDX,20:15,20:31,SEA,21:15,21:17
20220607,TTA10,SEA,06:10,06:07,LAX,08:55,09:04
20220607,TTA30,SEA,06:15,06:14,PDX,07:15,07:22
20220607,TTA20,SEA,06:30,06:31,SFO,08:40,08:55
20220607,TTA31,PDX,08:15,08:08,SEA,09:15,09:17
20220607,TTA11,LAX,09:50,10:03,SEA,12:35,12:34
20220607,TTA21,SFO,10:05,10:13,SEA,12:15,12:19
20220607,TTA32,SEA,10:15,10:17,PDX,11:15,11:33
20220607,TTA33,PDX,12:15,12:15,SEA,13:15,13:16
20220607,TTA22,SEA,13:35,13:31,SFO,15:45,15:48
20220607,TTA12,SEA,14:05,14:04,LAX,16:50,16:46
20220607,TTA34,SEA,14:15,14:19,PDX,15:15,15:13
20220607,TTA35,PDX,16:15,16:22,SEA,17:15,17:27
20220607,TTA23,SFO,17:35,17:31,SEA,19:45,20:03
20220607,TTA13,LAX,18:05,18:16,SEA,20:50,20:45
20220607,TTA36,SEA,18:15,18:18,PDX,19:15,20:51
20220607,TTA37,PDX,20:15,20:10,SEA,21:15,21:16
20220608,TTA30,SEA,06:15,06:20,PDX,07:15,07:30
20220608,TTA20,SEA,06:30,06:41,SFO,08:40,08:54
20220608,TTA10,SEA,06:10,07:05,LAX,08:55,09:03
20220608,TTA31,PDX,08:15,08:24,SEA,09:15,09:14
20220608,TTA11,LAX,09:50,09:59,SEA,12:35,12:34
20220608,TTA21,SFO,10:05,10:09,SEA,12:15,12:19
20220608,TTA32,SEA,10:15,10:23,PDX,11:15,11:14
20220608,TTA33,PDX,12:15,12:18,SEA,13:15,13:21
20220608,TTA22,SEA,13:35,13:35,SFO,15:45,15:48
20220608,TTA12,SEA,14:05,14:08,LAX,16:50,17:30
20220608,TTA34,SEA,14:15,14:20,PDX,15:15,15:17
20220608,TTA35,PDX,16:15,16:16,SEA,17:15,17:21
20220608,TTA23,SFO,17:35,17:43,SEA,19:45,19:45
20220608,TTA36,SEA,18:15,18:10,PDX,19:15,19:23
20220608,TTA13,LAX,18:05,18:13,SEA,20:50,20:55
20220608,TTA37,PDX,20:15,20:13,SEA,21:15,21:28
20220609,TTA10,SEA,06:10,06:08,LAX,08:55,08:55
20220609,TTA30,SEA,06:15,06:15,PDX,07:15,07:20
20220609,TTA20,SEA,06:30,06:38,SFO,08:40,08:45
20220609,TTA31,PDX,08:15,08:16,SEA,09:15,10:10
20220609,TTA11,LAX,09:50,09:57,SEA,12:35,12:34
20220609,TTA21,SFO,10:05,10:12,SEA,12:15,13:15
20220609,TTA32,SEA,10:15,10:17,PDX,11:15,11:55
20220609,TTA33,PDX,12:15,12:21,SEA,13:15,13:33
20220609,TTA22,SEA,13:35,13:35,SFO,15:45,15:47
20220609,TTA12,SEA,14:05,14:02,LAX,16:50,17:00
20220609,TTA34,SEA,14:15,14:13,PDX,15:15,15:22
20220609,TTA35,PDX,16:15,16:22,SEA,17:15,17:17
20220609,TTA23,SFO,17:35,17:33,SEA,19:45,20:00
20220609,TTA13,LAX,18:05,18:14,SEA,20:50,20:59
20220609,TTA36,SEA,18:15,18:28,PDX,19:15,19:18
20220609,TTA37,PDX,20:15,20:18,SEA,21:15,21:23
20220610,TTA30,SEA,06:15,06:14,PDX,07:15,08:10
20220610,TTA10,SEA,06:10,06:22,LAX,08:55,08:57
20220610,TTA20,SEA,06:30,07:10,SFO,08:40,08:50
20220610,TTA31,PDX,08:15,08:15,SEA,09:15,09:57
20220610,TTA21,SFO,10:05,10:06,SEA,12:15,12:15
20220610,TTA32,SEA,10:15,10:15,PDX,11:15,11:12
20220610,TTA11,LAX,09:50,10:30,SEA,12:35,12:37
20220610,TTA33,PDX,12:15,12:11,SEA,13:15,13:21
20220610,TTA22,SEA,13:35,13:33,SFO,15:45,15:55
20220610,TTA12,SEA,14:05,14:02,LAX,16:50,16:54
20220610,TTA34,SEA,14:15,14:16,PDX,15:15,15:23
20220610,TTA35,PDX,16:15,16:10,SEA,17:15,17:55
20220610,TTA23,SFO,17:35,17:36,SEA,19:45,19:45
20220610,TTA13,LAX,18:05,18:11,SEA,20:50,20:49
20220610,TTA36,SEA,18:15,18:13,PDX,19:15,19:11
20220610,TTA37,PDX,20:15,20:16,SEA,21:15,21:15
20220611,TTA10,SEA,06:10,06:13,LAX,08:55,09:35
20220611,TTA30,SEA,06:15,06:23,PDX,07:15,07:31
20220611,TTA20,SEA,06:30,06:33,SFO,08:40,08:51
20220611,TTA31,PDX,08:15,08:22,SEA,09:15,09:10
20220611,TTA11,LAX,09:50,09:45,SEA,12:35,12:47
20220611,TTA21,SFO,10:05,10:15,SEA,12:15,12:34
20220611,TTA32,SEA,10:15,10:57,PDX,11:15,11:20
20220611,TTA33,PDX,12:15,12:34,SEA,13:15,13:14
20220611,TTA12,SEA,14:05,14:08,LAX,16:50,17:02
20220611,TTA34,SEA,14:15,14:15,PDX,15:15,15:10
20220611,TTA22,SEA,13:35,14:30,SFO,15:45,15:45
20220611,TTA35,PDX,16:15,16:15,SEA,17:15,17:57
20220611,TTA23,SFO,17:35,17:36,SEA,19:45,19:41
20220611,TTA13,LAX,18:05,18:10,SEA,20:50,20:59
20220611,TTA36,SEA,18:15,18:14,PDX,19:15,19:17
20220611,TTA37,PDX,20:15,20:23,SEA,21:15,21:19
20220612,TTA10,SEA,06:10,06:17,LAX,08:55,08:52
20220612,TTA30,SEA,06:15,06:18,PDX,07:15,07:27
20220612,TTA20,SEA,06:30,06:28,SFO,08:40,08:54
20220612,TTA31,PDX,08:15,08:14,SEA,09:15,09:20
20220612,TTA11,LAX,09:50,09:57,SEA,12:35,13:30
20220612,TTA21,SFO,10:05,10:05,SEA,12:15,12:11
20220612,TTA32,SEA,10:15,10:19,PDX,11:15,11:19
20220612,TTA33,PDX,12:15,12:18,SEA,13:15,13:21
20220612,TTA22,SEA,13:35,13:42,SFO,15:45,15:48
20220612,TTA12,SEA,14:05,14:17,LAX,16:50,17:01
20220612,TTA34,SEA,14:15,14:20,PDX,15:15,15:18
20220612,TTA35,PDX,16:15,16:18,SEA,17:15,17:17
20220612,TTA36,SEA,18:15,18:13,PDX,19:15,19:16
20220612,TTA13,LAX,18:05,19:00,SEA,20:50,20:54
20220612,TTA23,SFO,17:35,19:10,SEA,19:45,19:51
20220612,TTA37,PDX,20:15,20:18,SEA,21:15,21:26
20220613,TTA10,SEA,06:10,06:16,LAX,08:55,09:06
20220613,TTA30,SEA,06:15,06:20,PDX,07:15,07:25
20220613,TTA20,SEA,06:30,06:32,SFO,08:40,08:56
20220613,TTA31,PDX,08:15,08:15,SEA,09:15,09:21
20220613,TTA11,LAX,09:50,09:52,SEA,12:35,12:38
20220613,TTA32,SEA,10:15,10:11,PDX,11:15,11:55
20220613,TTA21,SFO,10:05,10:24,SEA,12:15,12:15
20220613,TTA33,PDX,12:15,12:22,SEA,13:15,13:20
20220613,TTA22,SEA,13:35,13:43,SFO,15:45,15:47
20220613,TTA12,SEA,14:05,14:04,LAX,16:50,17:10
20220613,TTA34,SEA,14:15,14:21,PDX,15:15,15:16
20220613,TTA35,PDX,16:15,16:14,SEA,17:15,17:10
20220613,TTA23,SFO,17:35,17:39,SEA,19:45,19:45
20220613,TTA13,LAX,18:05,18:12,SEA,20:50,21:02
20220613,TTA36,SEA,18:15,18:23,PDX,19:15,19:17
20220613,TTA37,PDX,20:15,21:10,SEA,21:15,21:16
20220614,TTA30,SEA,06:15,06:16,PDX,07:15,07:16
20220614,TTA10,SEA,06:10,06:19,LAX,08:55,08:58
20220614,TTA20,SEA,06:30,06:38,SFO,08:40,08:47
20220614,TTA31,PDX,08:15,08:15,SEA,09:15,09:14
20220614,TTA21,SFO,10:05,10:12,SEA,12:15,12:18
20220614,TTA32,SEA,10:15,10:24,PDX,11:15,11:23
20220614,TTA11,LAX,09:50,11:26,SEA,12:35,12:54
20220614,TTA33,PDX,12:15,12:12,SEA,13:15,13:14
20220614,TTA22,SEA,13:35,13:35,SFO,15:45,15:46
20220614,TTA34,SEA,14:15,14:16,PDX,15:15,15:23
20220614,TTA12,SEA,14:05,14:17,LAX,16:50,16:51
20220614,TTA35,PDX,16:15,16:34,SEA,17:15,17:22
20220614,TTA13,LAX,18:05,18:04,SEA,20:50,20:59
20220614,TTA36,SEA,18:15,18:18,PDX,19:15,19:13
20220614,TTA23,SFO,17:35,18:35,SEA,19:45,19:54
20220614,TTA37,PDX,20:15,20:18,SEA,21:15,21:20
20220615,TTA10,SEA,06:10,06:11,LAX,08:55,08:48
20220615,TTA30,SEA,06:15,06:18,PDX,07:15,07:23
20220615,TTA20,SEA,06:30,06:40,SFO,08:40,08:42
20220615,TTA31,PDX,08:15,08:17,SEA,09:15,09:27
20220615,TTA11,LAX,09:50,09:46,SEA,12:35,12:47
20220615,TTA32,SEA,10:15,10:15,PDX,11:15,12:51
20220615,TTA21,SFO,10:05,10:16,SEA,12:15,12:24
20220615,TTA33,PDX,12:15,12:57,SEA,13:15,13:15
20220615,TTA22,SEA,13:35,13:31,SFO,15:45,15:57
20220615,TTA12,SEA,14:05,14:23,LAX,16:50,17:03
20220615,TTA34,SEA,14:15,14:25,PDX,15:15,15:11
20220615,TTA35,PDX,16:15,16:21,SEA,17:15,17:19
20220615,TTA23,SFO,17:35,17:40,SEA,19:45,19:52
20220615,TTA13,LAX,18:05,18:07,SEA,20:50,20:54
20220615,TTA36,SEA,18:15,18:15,PDX,19:15,19:16
20220615,TTA37,PDX,20:15,20:18,SEA,21:15,21:34
20220616,TTA30,SEA,06:15,06:17,PDX,07:15,08:50
20220616,TTA10,SEA,06:10,06:22,LAX,08:55,08:55
20220616,TTA20,SEA,06:30,06:33,SFO,08:40,08:41
20220616,TTA31,PDX,08:15,08:22,SEA,09:15,09:24
20220616,TTA11,LAX,09:50,09:50,SEA,12:35,12:32
20220616,TTA32,SEA,10:15,10:17,PDX,11:15,11:23
20220616,TTA21,SFO,10:05,10:24,SEA,12:15,12:21
20220616,TTA33,PDX,12:15,12:11,SEA,13:15,13:11
20220616,TTA12,SEA,14:05,14:15,LAX,16:50,16:45
20220616,TTA22,SEA,13:35,14:16,SFO,15:45,16:03
20220616,TTA34,SEA,14:15,14:21,PDX,15:15,15:13
20220616,TTA35,PDX,16:15,16:22,SEA,17:15,17:11
20220616,TTA23,SFO,17:35,17:36,SEA,19:45,20:25
20220616,TTA13,LAX,18:05,18:06,SEA,20:50,20:46
20220616,TTA36,SEA,18:15,18:19,PDX,19:15,20:10
20220616,TTA37,PDX,20:15,20:24,SEA,21:15,21:23
20220617,TTA10,SEA,06:10,06:19,LAX,08:55,09:03
20220617,TTA30,SEA,06:15,06:19,PDX,07:15,07:15
20220617,TTA20,SEA,06:30,06:30,SFO,08:40,08:40
20220617,TTA31,PDX,08:15,08:26,SEA,09:15,09:18
20220617,TTA11,LAX,09:50,09:48,SEA,12:35,12:32
20220617,TTA21,SFO,10:05,10:07,SEA,12:15,12:10
20220617,TTA32,SEA,10:15,10:18,PDX,11:15,11:15
20220617,TTA33,PDX,12:15,12:14,SEA,13:15,14:50
20220617,TTA22,SEA,13:35,13:39,SFO,15:45,15:55
20220617,TTA34,SEA,14:15,14:14,PDX,15:15,15:15
20220617,TTA12,SEA,14:05,14:18,LAX,16:50,16:44
20220617,TTA35,PDX,16:15,16:16,SEA,17:15,18:50
20220617,TTA23,SFO,17:35,17:36,SEA,19:45,19:45
20220617,TTA13,LAX,18:05,18:01,SEA,20:50,20:55
20220617,TTA36,SEA,18:15,18:18,PDX,19:15,19:57
20220617,TTA37,PDX,20:15,21:51,SEA,21:15,21:26
20220618,TTA30,SEA,06:15,06:15,PDX,07:15,07:24
20220618,TTA20,SEA,06:30,06:23,SFO,08:40,08:48
20220618,TTA10,SEA,06:10,06:51,LAX,08:55,09:02
20220618,TTA31,PDX,08:15,08:12,SEA,09:15,09:10
20220618,TTA11,LAX,09:50,09:54,SEA,12:35,12:42
20220618,TTA21,SFO,10:05,10:09,SEA,12:15,12:15
20220618,TTA32,SEA,10:15,10:15,PDX,11:15,11:15
20220618,TTA33,PDX,12:15,12:16,SEA,13:15,13:20
20220618,TTA22,SEA,13:35,13:45,SFO,15:45,15:51
20220618,TTA12,SEA,14:05,14:11,LAX,16:50,16:59
20220618,TTA34,SEA,14:15,14:15,PDX,15:15,15:17
20220618,TTA35,PDX,16:15,16:25,SEA,17:15,17:12
20220618,TTA23,SFO,17:35,17:36,SEA,19:45,19:55
20220618,TTA13,LAX,18:05,18:15,SEA,20:50,21:02
20220618,TTA36,SEA,18:15,18:26,PDX,19:15,19:20
20220618,TTA37,PDX,20:15,20:10,SEA,21:15,21:13
20220619,TTA10,SEA,06:10,06:19,LAX,08:55,08:59
20220619,TTA30,SEA,06:15,06:20,PDX,07:15,07:16
20220619,TTA20,SEA,06:30,07:30,SFO,08:40,08:39
20220619,TTA31,PDX,08:15,08:19,SEA,09:15,09:22
20220619,TTA11,LAX,09:50,09:49,SEA,12:35,12:35
20220619,TTA21,SFO,10:05,10:06,SEA,12:15,12:13
20220619,TTA32,SEA,10:15,10:11,PDX,11:15,11:11
20220619,TTA33,PDX,12:15,12:13,SEA,13:15,13:23
20220619,TTA22,SEA,13:35,13:47,SFO,15:45,15:48
20220619,TTA34,SEA,14:15,14:18,PDX,15:15,15:21
20220619,TTA12,SEA,14:05,14:46,LAX,16:50,16:56
20220619,TTA35,PDX,16:15,16:15,SEA,17:15,17:22
20220619,TTA23,SFO,17:35,17:41,SEA,19:45,19:42
20220619,TTA13,LAX,18:05,18:11,SEA,20:50,21:00
20220619,TTA36,SEA,18:15,18:12,PDX,19:15,19:15
20220619,TTA37,PDX,20:15,20:27,SEA,21:15,21:20
20220620,TTA30,SEA,06:15,06:15,PDX,07:15,07:26
20220620,TTA10,SEA,06:10,06:21,LAX,08:55,08:57
20220620,TTA20,SEA,06:30,06:33,SFO,08:40,08:41
20220620,TTA31,PDX,08:15,08:34,SEA,09:15,10:15
20220620,TTA11,LAX,09:50,09:50,SEA,12:35,12:39
20220620,TTA21,SFO,10:05,10:10,SEA,12:15,12:18
20220620,TTA32,SEA,10:15,10:15,PDX,11:15,11:09
20220620,TTA33,PDX,12:15,12:15,SEA,13:15,13:13
20220620,TTA22,SEA,13:35,13:43,SFO,15:45,15:39
20220620,TTA12,SEA,14:05,14:01,LAX,16:50,16:46
20220620,TTA34,SEA,14:15,14:33,PDX,15:15,15:22
20220620,TTA35,PDX,16:15,16:16,SEA,17:15,17:10
20220620,TTA23,SFO,17:35,17:32,SEA,19:45,19:59
20220620,TTA13,LAX,18:05,18:10,SEA,20:50,20:54
20220620,TTA36,SEA,18:15,18:20,PDX,19:15,19:26
20220620,TTA37,PDX,20:15,20:25,SEA,21:15,21:22
20220621,TTA10,SEA,06:10,06:10,LAX,08:55,09:06
20220621,TTA30,SEA,06:15,06:25,PDX,07:15,07:31
20220621,TTA20,SEA,06:30,06:40,SFO,08:40,08:43
20220621,TTA31,PDX,08:15,08:18,SEA,09:15,09:22
20220621,TTA11,LAX,09:50,09:55,SEA,12:35,12:35
20220621,TTA21,SFO,10:05,10:10,SEA,12:15,12:19
20220621,TTA32,SEA,10:15,10:19,PDX,11:15,11:24
20220621,TTA33,PDX,12:15,12:25,SEA,13:15,13:15
20220621,TTA22,SEA,13:35,13:46,SFO,15:45,15:50
20220621,TTA12,SEA,14:05,14:07,LAX,16:50,17:04
20220621,TTA34,SEA,14:15,14:25,PDX,15:15,15:12
20220621,TTA35,PDX,16:15,16:24,SEA,17:15,17:24
20220621,TTA23,SFO,17:35,17:39,SEA,19:45,19:41
20220621,TTA13,LAX,18:05,18:05,SEA,20:50,20:49
20220621,TTA36,SEA,18:15,18:22,PDX,19:15,19:15
20220621,TTA37,PDX,20:15,20:14,SEA,21:15,21:12
20220622,TTA10,SEA,06:10,06:16,LAX,08:55,09:36
20220622,TTA30,SEA,06:15,06:21,PDX,07:15,07:21
20220622,TTA20,SEA,06:30,06:31,SFO,08:40,08:46
20220622,TTA31,PDX,08:15,08:17,SEA,09:15,09:15
20220622,TTA11,LAX,09:50,09:53,SEA,12:35,12:43
20220622,TTA21,SFO,10:05,10:10,SEA,12:15,12:25
20220622,TTA32,SEA,10:15,11:50,PDX,11:15,11:15
20220622,TTA33,PDX,12:15,12:11,SEA,13:15,13:12
20220622,TTA22,SEA,13:35,13:30,SFO,15:45,15:55
20220622,TTA34,SEA,14:15,14:30,PDX,15:15,15:11
20220622,TTA12,SEA,14:05,15:00,LAX,16:50,16:56
20220622,TTA35,PDX,16:15,16:09,SEA,17:15,17:17
20220622,TTA23,SFO,17:35,17:43,SEA,19:45,19:42
20220622,TTA13,LAX,18:05,18:02,SEA,20:50,20:50
20220622,TTA36,SEA,18:15,18:10,PDX,19:15,19:19
20220622,TTA37,PDX,20:15,21:51,SEA,21:15,21:31
20220623,TTA10,SEA,06:10,06:04,LAX,08:55,09:01
20220623,TTA30,SEA,06:15,06:25,PDX,07:15,07:20
20220623,TTA20,SEA,06:30,06:38,SFO,08:40,08:45
20220623,TTA31,PDX,08:15,08:14,SEA,09:15,09:18
20220623,TTA11,LAX,09:50,09:59,SEA,12:35,12:38
20220623,TTA21,SFO,10:05,10:14,SEA,12:15,12:25
20220623,TTA32,SEA,10:15,11:10,PDX,11:15,11:16
20220623,TTA33,PDX,12:15,12:18,SEA,13:15,13:15
20220623,TTA22,SEA,13:35,13:38,SFO,15:45,15:47
20220623,TTA12,SEA,14:05,14:01,LAX,16:50,18:25
20220623,TTA34,SEA,14:15,14:57,PDX,15:15,15:55
20220623,TTA35,PDX,16:15,16:23,SEA,17:15,17:11
20220623,TTA23,SFO,17:35,17:32,SEA,19:45,19:47
20220623,TTA13,LAX,18:05,18:09,SEA,20:50,21:50
20220623,TTA36,SEA,18:15,18:15,PDX,19:15,19:24
20220623,TTA37,PDX,20:15,20:11,SEA,21:15,21:22
20220624,TTA10,SEA,06:10,06:13,LAX,08:55,09:01
20220624,TTA30,SEA,06:15,06:14,PDX,07:15,07:56
20220624,TTA20,SEA,06:30,06:30,SFO,08:40,08:53
20220624,TTA31,PDX,08:15,08:15,SEA,09:15,09:15
20220624,TTA11,LAX,09:50,09:59,SEA,12:35,12:41
20220624,TTA32,SEA,10:15,10:14,PDX,11:15,11:10
20220624,TTA21,SFO,10:05,11:41,SEA,12:15,12:21
20220624,TTA33,PDX,12:15,12:20,SEA,13:15,13:25
20220624,TTA22,SEA,13:35,13:40,SFO,15:45,15:46
20220624,TTA12,SEA,14:05,14:15,LAX,16:50,17:07
20220624,TTA34,SEA,14:15,14:25,PDX,15:15,15:33
20220624,TTA35,PDX,16:15,16:08,SEA,17:15,18:51
20220624,TTA23,SFO,17:35,17:30,SEA,19:45,19:41
20220624,TTA13,LAX,18:05,18:06,SEA,20:50,20:58
20220624,TTA36,SEA,18:15,18:15,PDX,19:15,19:55
20220624,TTA37,PDX,20:15,20:22,SEA,21:15,21:14
20220625,TTA20,SEA,06:30,06:36,SFO,08:40,08:49
20220625,TTA10,SEA,06:10,06:52,LAX,08:55,09:37
20220625,TTA30,SEA,06:15,07:50,PDX,07:15,07:26
20220625,TTA31,PDX,08:15,08:10,SEA,09:15,09:28
20220625,TTA21,SFO,10:05,10:05,SEA,12:15,12:19
20220625,TTA32,SEA,10:15,10:09,PDX,11:15,11:10
20220625,TTA11,LAX,09:50,10:45,SEA,12:35,12:43
20220625,TTA33,PDX,12:15,12:24,SEA,13:15,13:27
20220625,TTA22,SEA,13:35,13:48,SFO,15:45,15:45
20220625,TTA12,SEA,14:05,14:19,LAX,16:50,17:50
20220625,TTA34,SEA,14:15,14:22,PDX,15:15,15:23
20220625,TTA35,PDX,16:15,16:15,SEA,17:15,17:56
20220625,TTA23,SFO,17:35,17:40,SEA,19:45,19:50
20220625,TTA13,LAX,18:05,18:05,SEA,20:50,20:59
20220625,TTA36,SEA,18:15,18:11,PDX,19:15,19:16
20220625,TTA37,PDX,20:15,20:21,SEA,21:15,21:19
20220626,TTA10,SEA,06:10,06:14,LAX,08:55,08:56
20220626,TTA30,SEA,06:15,06:27,PDX,07:15,07:11
20220626,TTA20,SEA,06:30,06:35,SFO,08:40,08:45
20220626,TTA31,PDX,08:15,08:19,SEA,09:15,09:15
20220626,TTA21,SFO,10:05,10:11,SEA,12:15,12:25
20220626,TTA11,LAX,09:50,10:31,SEA,12:35,12:42
20220626,TTA32,SEA,10:15,11:15,PDX,11:15,12:15
20220626,TTA33,PDX,12:15,12:17,SEA,13:15,13:17
20220626,TTA22,SEA,13:35,13:41,SFO,15:45,15:50
20220626,TTA12,SEA,14:05,14:13,LAX,16:50,17:00
20220626,TTA34,SEA,14:15,14:32,PDX,15:15,15:17
20220626,TTA35,PDX,16:15,16:26,SEA,17:15,17:25
20220626,TTA23,SFO,17:35,17:34,SEA,19:45,19:47
20220626,TTA36,SEA,18:15,18:14,PDX,19:15,19:18
20220626,TTA13,LAX,18:05,18:16,SEA,20:50,20:50
20220626,TTA37,PDX,20:15,20:24,SEA,21:15,21:21
20220627,TTA30,SEA,06:15,06:15,PDX,07:15,07:18
20220627,TTA10,SEA,06:10,06:19,LAX,08:55,09:02
20220627,TTA20,SEA,06:30,06:30,SFO,08:40,08:39
20220627,TTA31,PDX,08:15,08:18,SEA,09:15,09:11
20220627,TTA11,LAX,09:50,09:54,SEA,12:35,12:35
20220627,TTA21,SFO,10:05,10:11,SEA,12:15,12:23
20220627,TTA32,SEA,10:15,10:14,PDX,11:15,11:15
20220627,TTA22,SEA,13:35,13:35,SFO,15:45,15:45
20220627,TTA33,PDX,12:15,13:50,SEA,13:15,13:18
20220627,TTA12,SEA,14:05,14:23,LAX,16:50,16:53
20220627,TTA34,SEA,14:15,15:15,PDX,15:15,15:17
20220627,TTA35,PDX,16:15,16:24,SEA,17:15,17:11
20220627,TTA23,SFO,17:35,17:36,SEA,19:45,19:54
20220627,TTA13,LAX,18:05,18:16,SEA,20:50,20:59
20220627,TTA36,SEA,18:15,18:20,PDX,19:15,19:24
20220627,TTA37,PDX,20:15,20:15,SEA,21:15,21:25
20220628,TTA30,SEA,06:15,06:08,PDX,07:15,07:10
20220628,TTA10,SEA,06:10,06:09,LAX,08:55,09:01
20220628,TTA20,SEA,06:30,06:35,SFO,08:40,08:44
20220628,TTA31,PDX,08:15,08:22,SEA,09:15,09:23
20220628,TTA11,LAX,09:50,09:49,SEA,12:35,12:42
20220628,TTA21,SFO,10:05,10:08,SEA,12:15,12:24
20220628,TTA32,SEA,10:15,10:22,PDX,11:15,11:14
20220628,TTA22,SEA,13:35,13:30,SFO,15:45,15:46
20220628,TTA33,PDX,12:15,13:51,SEA,13:15,13:24
20220628,TTA12,SEA,14:05,14:03,LAX,16:50,16:57
20220628,TTA34,SEA,14:15,14:15,PDX,15:15,15:10
20220628,TTA35,PDX,16:15,16:22,SEA,17:15,17:20
20220628,TTA23,SFO,17:35,17:34,SEA,19:45,19:40
20220628,TTA13,LAX,18:05,18:08,SEA,20:50,21:45
20220628,TTA36,SEA,18:15,18:15,PDX,19:15,19:27
20220628,TTA37,PDX,20:15,20:21,SEA,21:15,21:19
20220629,TTA37,PDX,20:15,,SEA,21:15,
20220629,TTA36,SEA,18:15,,PDX,19:15,
20220629,TTA10,SEA,06:10,06:14,LAX,08:55,09:37
20220629,TTA30,SEA,06:15,06:19,PDX,07:15,07:17
20220629,TTA20,SEA,06:30,06:38,SFO,08:40,08:56
20220629,TTA31,PDX,08:15,08:18,SEA,09:15,09:25
20220629,TTA11,LAX,09:50,10:01,SEA,12:35,12:40
20220629,TTA21,SFO,10:05,10:12,SEA,12:15,12:13
20220629,TTA32,SEA,10:15,10:27,PDX,11:15,11:22
20220629,TTA33,PDX,12:15,12:14,SEA,13:15,13:13
20220629,TTA22,SEA,13:35,13:44,SFO,15:45,16:26
20220629,TTA12,SEA,14:05,14:05,LAX,16:50,17:06
20220629,TTA34,SEA,14:15,14:18,PDX,15:15,15:15
20220629,TTA35,PDX,16:15,16:15,SEA,17:15,17:17
20220629,TTA13,LAX,18:05,18:03,SEA,20:50,20:48
20220629,TTA23,SFO,17:35,19:11,SEA,19:45,19:48
20220630,TTA10,SEA,06:10,06:17,LAX,08:55,08:56
20220630,TTA30,SEA,06:15,06:24,PDX,07:15,07:23
20220630,TTA20,SEA,06:30,06:36,SFO,08:40,08:44
20220630,TTA31,PDX,08:15,08:33,SEA,09:15,09:55
20220630,TTA11,LAX,09:50,09:53,SEA,12:35,12:44
20220630,TTA21,SFO,10:05,10:03,SEA,12:15,12:15
20220630,TTA32,SEA,10:15,10:14,PDX,11:15,11:18
20220630,TTA33,PDX,12:15,12:09,SEA,13:15,13:24
20220630,TTA22,SEA,13:35,13:30,SFO,15:45,15:44
20220630,TTA12,SEA,14:05,14:05,LAX,16:50,16:53
20220630,TTA34,SEA,14:15,14:22,PDX,15:15,15:13
20220630,TTA35,PDX,16:15,16:14,SEA,17:15,17:23
20220630,TTA23,SFO,17:35,17:43,SEA,19:45,19:48
20220630,TTA13,LAX,18:05,18:00,SEA,20:50,20:52
20220630,TTA36,SEA,18:15,18:26,PDX,19:15,19:23
20220630,TTA37,PDX,20:15,20:13,SEA,21:15,21:17